type,id,project_id,submitter_id_x,data_category,data_format,data_type,file_name,file_size,md5sum,acquisition_type,case_ids,contrast_bolus_agent,convolution_kernel,exposure_modulation_type,image_data_modification_method,image_data_modification_name,image_data_modified,image_type,lossy_image_compression,manufacturer,manufacturer_model_name,modality,number_of_instances,object_id,patient_position,pixel_spacing,series_description,series_uid,slice_thickness,spacing_between_slices,core_metadata_collections.id,core_metadata_collections.submitter_id,imaging_studies.id,imaging_studies.submitter_id,case_ids_clean,submitter_id_y,covid19_positive,sex,age_at_index,race,icu_indicator,ventilator_indicator
ct_series_file,d44c7ff8-d638-449a-a068-f801b369a613,Open-A1,2.16.840.1.114274.1818.551316694714449927413117246908767872413,CT,DCM,DICOM,10000364-1288160/2.16.840.1.114274.1818.50726532205805071547046871105480694172/2.16.840.1.114274.1818.551316694714449927413117246908767872413.zip,27806592,38759abd54a816b35c8faad7a14d6fde,,10000364-1288160,,LUNG,,,,,"DERIVEDSECONDARYREFORMATTEDMIP,DERIVEDSECONDARYREFORMATTEDAVERAGE",,GE MEDICAL SYSTEMS,Discovery CT750 HD,CT,112.0,dg.MD1R/9a0fef21-32c6-4dd1-95f6-20b4bf1f4932,,,Lung MIPS,2.16.840.1.114274.1818.551316694714449927413117246908767872413,"20.0,1.25",,59f32345-e328-4e77-8813-6fdff0a106e3,ACR_20220415,2f062916-aa20-4b5d-9c25-85eee77d3c6a,2.16.840.1.114274.1818.50726532205805071547046871105480694172,10000364-1288160,10000364-1288160,Yes,Male,28.0,White,True,True
ct_series_file,910c4852-2147-4b41-829a-74a7eb7fa067,Open-A1,2.16.840.1.114274.1818.485646176655233226315451063437382491310,CT,DCM,DICOM,10000364-1905386/2.16.840.1.114274.1818.51150135262205738752417316695559188908/2.16.840.1.114274.1818.485646176655233226315451063437382491310.zip,35847814,bf42fc635582574c1e842f71e50fd948,,10000364-1905386,,STANDARD,,,,False,DERIVED_SECONDARY_REFORMATTED_AVERAGE,,GE MEDICAL SYSTEMS,Discovery CT750 HD,CT,,dg.MD1R/8bae49c1-24f5-4ca8-bbb5-7a083a9288b2,FFS,1.369631,chest coronal,2.16.840.1.114274.1818.485646176655233226315451063437382491310,"2.0,1.25",,f704bef2-2e0f-450c-bbd0-8beaf82f4757,ACR_20241215,0c8145f8-52ab-4eb1-adda-b47b45c85542,2.16.840.1.114274.1818.51150135262205738752417316695559188908,10000364-1905386,10000364-1905386,Yes,Male,66.0,White,True,True
ct_series_file,575f142d-b795-462c-9faa-c1741e0decb9,Open-A1,2.16.840.1.114274.1818.496076035189894322615769196529052251824,CT,DCM,DICOM,10000364-1490588/CT_2.16.840.1.114274.1818.527492002198795916117327921932749971623/2.16.840.1.114274.1818.496076035189894322615769196529052251824.zip,30401492,5b8426ec5d4a61423e81c49d0be63a46,,10000364-1490588,OMNI 350,,,,,,,,SIEMENS,SOMATOM Drive,CT,108.0,dg.MD1R/0c4a5797-9ece-438c-b1b1-c9865d7778af,,,COR CHEST  PE STD MIP +C,2.16.840.1.114274.1818.496076035189894322615769196529052251824,,,23e8c279-92d2-47da-99de-97dedc454bb4,ACR_20211020,521b2b54-4558-4e62-9c29-c79b87fd35ef,2.16.840.1.114274.1818.527492002198795916117327921932749971623,10000364-1490588,10000364-1490588,Yes,Male,84.0,White,True,False
ct_series_file,73052cb1-f75b-4b0f-86d4-e8bee0a5df3e,Open-A1,2.16.840.1.114274.1818.474628955441318779615223116127010804611,CT,DCM,DICOM,10003752-jYqP2dXmUuXzdgQTpTeg/2.16.840.1.114274.1818.475488393937173933113109438265181731465/2.16.840.1.114274.1818.474628955441318779615223116127010804611.zip,40217842,6774f11506dcb9226df8908e76fbaf35,,10003752-jYqP2dXmUuXzdgQTpTeg,,,,,,,,,GE MEDICAL SYSTEMS,Revolution CT,CT,163.0,dg.MD1R/6beb4103-2c48-47f0-9b87-2069d051b400,,,LUNGS (CHEST),2.16.840.1.114274.1818.474628955441318779615223116127010804611,,,9de1d49d-ad56-44b3-be2e-a2795ce41ff3,ACR_20210915,ac540136-37c8-47f8-a692-128ba3e3b339,2.16.840.1.114274.1818.475488393937173933113109438265181731465,10003752-jYqP2dXmUuXzdgQTpTeg,10003752-jYqP2dXmUuXzdgQTpTeg,Yes,Female,84.0,Black or African American,,
ct_series_file,b3fadeca-e631-4d7e-9276-fd5a4c80bd36,Open-A1,2.16.840.1.114274.1818.561752251784905576513850449722143080602,CT,DCM,DICOM,10000364-1764390/2.16.840.1.114274.1818.523805356960879959511759779457271054481/2.16.840.1.114274.1818.561752251784905576513850449722143080602.zip,23163678,d71c3a9204965f34ccf45c590043e2e7,,10000364-1764390,,B60f,XYZ_EC,,,,DERIVEDPRIMARYAXIALCT_SOM5 MPR,,SIEMENS,SOMATOM Definition AS+,CT,64.0,dg.MD1R/87e40dc0-9938-4768-b473-4ab5b2a7233e,,,LUNG AXIAL 3.0 mm,2.16.840.1.114274.1818.561752251784905576513850449722143080602,3.0,,59f32345-e328-4e77-8813-6fdff0a106e3,ACR_20220415,f77e0362-5f99-4201-acb0-2ab0a68bb008,2.16.840.1.114274.1818.523805356960879959511759779457271054481,10000364-1764390,10000364-1764390,Yes,Male,43.0,Not Reported,True,False
ct_series_file,410b0074-8348-4de8-87ab-48e785b29dbe,Open-A1,2.16.840.1.114274.1818.532907573347454625212482046892658049159,CT,DCM,DICOM,10041569-LtOE5GKKKke2zLnaT8eW3g/2.16.840.1.114274.1818.468753232927736903412031404296187107001/2.16.840.1.114274.1818.532907573347454625212482046892658049159.zip,26493314,dd00ad2cb15a45fa69e31f4e5b8dc541,,10041569-LtOE5GKKKke2zLnaT8eW3g,,FC86,3D,,,False,DERIVED_PRIMARY_MPR,,TOSHIBA,Aquilion,CT,,dg.MD1R/fa0c1fef-50d9-4a39-bb3b-5abb182400eb,HFS,0.923,SAG_COR_CHEST_MPR Lung,2.16.840.1.114274.1818.532907573347454625212482046892658049159,3.0,,4fd56c15-6e2d-4b23-9089-796f313124bb,ACR_20250901,a61c7fe5-ea28-42b6-bfc5-4dbd7aef0553,2.16.840.1.114274.1818.468753232927736903412031404296187107001,10041569-LtOE5GKKKke2zLnaT8eW3g,10041569-LtOE5GKKKke2zLnaT8eW3g,Yes,Male,49.0,Black or African American,False,True
ct_series_file,cf70c4ad-c966-4782-b4b8-37f536a74c02,Open-A1,2.16.840.1.114274.1818.5555718881148876763285337557833311109,CT,DCM,DICOM,10000364-1976755/2.16.840.1.114274.1818.488271445642992856569900225342107823/2.16.840.1.114274.1818.5555718881148876763285337557833311109.zip,35455600,76752ae3cf94db9d37513fca49b6c6d6,,10000364-1976755,,B31f,XYZ_EC,,,False,"DERIVED_PRIMARY_AXIAL_CT_SOM5 SPO,DERIVED_PRIMARY_LOCALIZER_CT_SOM5 SPO",,SIEMENS,Sensation 64,CT,,dg.MD1R/21b7ac7d-1ecd-4524-912c-5d4f9be7166d,HFS,"0.61747572815534,0.71484375",CHEST W/O  2.0  SPO  sag,2.16.840.1.114274.1818.5555718881148876763285337557833311109,2.0,,f704bef2-2e0f-450c-bbd0-8beaf82f4757,ACR_20241215,030a7129-028e-417a-8694-800ab16cbbf0,2.16.840.1.114274.1818.488271445642992856569900225342107823,10000364-1976755,10000364-1976755,Yes,Female,79.0,American Indian or Alaska Native,False,False
ct_series_file,c8501748-28f6-41fa-93da-dba75d605618,Open-A1,2.16.840.1.114274.1818.461498145314432344213931256371110492584,CT,DCM,DICOM,10000364-1958032/2.16.840.1.114274.1818.52284211378981184609355279494811564969/2.16.840.1.114274.1818.461498145314432344213931256371110492584.zip,45100850,597cd8ea97d2b407ad70550abde6a2ed,,10000364-1958032,OMNIPAQUE,I70f_1,XYZ_EC,,,False,ORIGINAL_PRIMARY_AXIAL_CT_SOM5 SPI,,SIEMENS,SOMATOM Definition AS,CT,,dg.MD1R/3c55bf2d-37dd-4146-8ed7-06c42797b101,HFS,0.85546875,Lungs,2.16.840.1.114274.1818.461498145314432344213931256371110492584,2.0,,f704bef2-2e0f-450c-bbd0-8beaf82f4757,ACR_20241215,413cd8fd-ea17-4a28-a734-aa78b1fa67fc,2.16.840.1.114274.1818.52284211378981184609355279494811564969,10000364-1958032,10000364-1958032,Yes,Male,60.0,Black or African American,True,True
ct_series_file,94e72194-ab14-456a-9e5d-97bb52bdbfe9,Open-A1,2.16.840.1.114274.1818.54485571122687761969411403771300828320,CT,DCM,DICOM,10000364-1583101/2.16.840.1.114274.1818.507239567232592560117601553315161246593/2.16.840.1.114274.1818.54485571122687761969411403771300828320.zip,26922796,32caa8777ec28886981b272c6be57ef5,,10000364-1583101,,,,,,,,,GE MEDICAL SYSTEMS,Revolution CT,CT,105.0,dg.MD1R/4dd9f169-4b44-4030-ab7f-a9bfc60b4cdb,,,LUNG MIPS,2.16.840.1.114274.1818.54485571122687761969411403771300828320,,,5f596eb7-d79b-47d3-8ff0-1d4ba3d2ea85,ACR_20210827,478bd13a-f3ba-4338-a67d-37072469c133,2.16.840.1.114274.1818.507239567232592560117601553315161246593,10000364-1583101,10000364-1583101,Yes,Female,58.0,Black or African American,,
ct_series_file,ca61aea7-3b64-47b6-86ac-3a217757dd48,Open-A1,2.16.840.1.114274.1818.51465669084648431387609791478146195622,CT,DCM,DICOM,2.16.840.1.114274.1818.4670504407979229350770653713871981499/2.16.840.1.114274.1818.51465669084648431387609791478146195622.zip,31951804,27918733c610686bc35a1b1942b28ffc,,10000364-6509816,,,,,,,,,SIEMENS,SOMATOM Definition Flash,CT,102.0,dg.MD1R/ab9dee53-946e-4f47-8574-3eefcc9179c2,,,LUNG MIPS,2.16.840.1.114274.1818.51465669084648431387609791478146195622,,,da2db6a3-93f5-4066-90b2-f8dd8afadd2c,ACR_20211115,88178e6f-7374-4d29-95a9-3a025ceee523,2.16.840.1.114274.1818.4670504407979229350770653713871981499,10000364-6509816,10000364-6509816,Yes,Male,84.0,White,True,True
ct_series_file,4479a344-e9b6-485c-be20-165983a6aeee,Open-A1,2.16.840.1.114274.1818.55171874640117848822030199806812190349,CT,DCM,DICOM,10000364-6130571/2.16.840.1.114274.1818.465051162672283383710308884291909803936/2.16.840.1.114274.1818.55171874640117848822030199806812190349.zip,29281746,3e64c62318693256834f76dd1d68e476,,10000364-6130571,OMNIPAQUE 350,,,,,,,,GE MEDICAL SYSTEMS,Discovery CT750 HD,CT,181.0,dg.MD1R/75ed150f-4e66-4468-9e17-498a8454894f,,,chest sagital,2.16.840.1.114274.1818.55171874640117848822030199806812190349,,,5f596eb7-d79b-47d3-8ff0-1d4ba3d2ea85,ACR_20210827,c9246688-2794-4cf3-aa34-0b7ea3d5ec41,2.16.840.1.114274.1818.465051162672283383710308884291909803936,10000364-6130571,10000364-6130571,Yes,Male,43.0,Not Reported,,
ct_series_file,ae24417f-82da-4df4-92c1-a5114e812fd3,Open-A1,2.16.840.1.114274.1818.568873056859586892311173448150030247076,CT,DCM,DICOM,10003752-EXrrXV8FMEuywIrQcAL4Lg/2.16.840.1.114274.1818.48352649632016703894713953631406398610/2.16.840.1.114274.1818.568873056859586892311173448150030247076.zip,1558944,d4f3004e292ad3b8ebb73e5ad374d25d,,10003752-EXrrXV8FMEuywIrQcAL4Lg,,,,,,,,,GE MEDICAL SYSTEMS,Revolution CT,CT,2.0,dg.MD1R/9b8c0b64-4a96-44a3-928e-249e17aadbf4,,,CHEST SCOUT,2.16.840.1.114274.1818.568873056859586892311173448150030247076,,,06406925-1d98-4e8f-a0ce-c52b678bcb2a,ACR_20220107,79fd0546-4c97-4d30-982d-05797dafec5b,2.16.840.1.114274.1818.48352649632016703894713953631406398610,10003752-EXrrXV8FMEuywIrQcAL4Lg,10003752-EXrrXV8FMEuywIrQcAL4Lg,Yes,Female,,Black or African American,,
ct_series_file,b51bd443-aa4a-43eb-8705-b8f0ba459d0e,Open-A1,2.16.840.1.114274.1818.46970598980450498527944446119488316587,CT,DCM,DICOM,10000364-1549067/2.16.840.1.114274.1818.557659894918516759542503336867545516/2.16.840.1.114274.1818.46970598980450498527944446119488316587.zip,13538570,b7c37710e295aba67f383817f2add365,,10000364-1549067,OMNIPAQUE 350 100,LUNG,,,,,ORIGINALPRIMARYAXIAL,,GE MEDICAL SYSTEMS,Revolution HD,CT,60.0,dg.MD1R/7efeb8e3-f84e-4f97-b64a-f90631621701,,"0.744141,0.744141",LUNG,2.16.840.1.114274.1818.46970598980450498527944446119488316587,5.0,5.0,59f32345-e328-4e77-8813-6fdff0a106e3,ACR_20220415,897383ec-61ff-47b8-ae05-73e8733175e6,2.16.840.1.114274.1818.557659894918516759542503336867545516,10000364-1549067,10000364-1549067,Yes,Female,67.0,White,True,True
ct_series_file,91affd62-c732-4efe-b171-8d351f8d21c5,Open-A1,2.16.840.1.114274.1818.518518272690697215817720343300927185316,CT,DCM,DICOM,10000364-1618467/2.16.840.1.114274.1818.54915732921397607654216348751881992596/2.16.840.1.114274.1818.518518272690697215817720343300927185316.zip,29859984,44b61cd7c16d4a392e9b53720de6cb14,,10000364-1618467,,STANDARD,,,,,DERIVEDSECONDARYREFORMATTEDAVERAGE,,GE MEDICAL SYSTEMS,Discovery CT750 HD,CT,168.0,dg.MD1R/31ba38af-f715-47e7-9106-e8ede8e13668,,,chest sagital,2.16.840.1.114274.1818.518518272690697215817720343300927185316,"2.0,1.25",,59f32345-e328-4e77-8813-6fdff0a106e3,ACR_20220415,c2e23a51-772a-4931-a00b-eb5efde8a087,2.16.840.1.114274.1818.54915732921397607654216348751881992596,10000364-1618467,10000364-1618467,Yes,Female,39.0,Not Reported,,
ct_series_file,5c4ef801-0961-4a01-9f69-e99ca0e73da9,Open-A1,2.16.840.1.114274.1818.571889754963570246211511918601421495218,CT,DCM,DICOM,10000364-819949/CT_2.16.840.1.114274.1818.518985530540616293611896650808211845306/2.16.840.1.114274.1818.571889754963570246211511918601421495218.zip,43244300,62a4d98d5b1835c8b0a4cdcfa95d1706,,10000364-819949,,,,,,,,,SIEMENS,SOMATOM Definition Flash,CT,115.0,dg.MD1R/14a103d8-ad10-4067-aa09-c6b79d6a8a6f,,,LUNG MIPS,2.16.840.1.114274.1818.571889754963570246211511918601421495218,,,23e8c279-92d2-47da-99de-97dedc454bb4,ACR_20211020,2153e3be-1839-4a54-8f76-ca12fe751c5e,2.16.840.1.114274.1818.518985530540616293611896650808211845306,10000364-819949,10000364-819949,Yes,Male,54.0,Black or African American,,
ct_series_file,9990b8f0-e8cd-4ecf-8e4e-e2a69bda79b1,Open-A1,2.16.840.1.114274.1818.5475065635740810348111714681392414351,CT,DCM,DICOM,10003752-k8D5FcQVkS5qT0OFjdWWg/2.16.840.1.114274.1818.560333198367826324012193068398468005551/2.16.840.1.114274.1818.5475065635740810348111714681392414351.zip,7218620,3c125262ac723b54a9781e4bba599997,,10003752-k8D5FcQVkS5qT0OFjdWWg,,,,,,,,,GE MEDICAL SYSTEMS,Revolution EVO,CT,37.0,dg.MD1R/113744df-2609-436b-981c-11319dab8a21,,,CHEST MIN,2.16.840.1.114274.1818.5475065635740810348111714681392414351,,,06406925-1d98-4e8f-a0ce-c52b678bcb2a,ACR_20220107,eed4e634-f394-4275-8b93-65796a20bee0,2.16.840.1.114274.1818.560333198367826324012193068398468005551,10003752-k8D5FcQVkS5qT0OFjdWWg,10003752-k8D5FcQVkS5qT0OFjdWWg,Yes,Female,76.0,White,,
ct_series_file,336d8b7a-86e2-4c36-bad9-114a48ceb10f,Open-A1,2.16.840.1.114274.1818.55581421836673768654797492323822729865,CT,DCM,DICOM,2.16.840.1.114274.1818.57427129782267999477258721062897013640/2.16.840.1.114274.1818.55581421836673768654797492323822729865.zip,25000448,7bc8313e6b4f93547b183dfe0531d90a,,10000364-1508485,OMNIPAQUE 350,,,,,,,,GE MEDICAL SYSTEMS,LightSpeed VCT,CT,99.0,dg.MD1R/b852c744-367f-4a40-8daf-4de89e19888d,,,LUNG AXIAL MIP,2.16.840.1.114274.1818.55581421836673768654797492323822729865,,,da2db6a3-93f5-4066-90b2-f8dd8afadd2c,ACR_20211115,b6a96b86-19a5-4f27-8507-ef623df6d50b,2.16.840.1.114274.1818.57427129782267999477258721062897013640,10000364-1508485,10000364-1508485,Yes,Female,62.0,White,False,False
ct_series_file,853b225a-4594-4e2c-b33d-6e75eb9ab5fe,Open-A1,2.16.840.1.114274.1818.53154375682012009235432204601563485866,CT,DCM,DICOM,2.16.840.1.114274.1818.478962371378553641311377704914256107965/2.16.840.1.114274.1818.53154375682012009235432204601563485866.zip,16975178,329005347897d79314d404deb4930e6f,,10000364-6602834,OMNIPAQUE,,,,,,,,SIEMENS,SOMATOM Definition AS,CT,66.0,dg.MD1R/06ac75d1-b4df-4cf1-b360-97452eb6d356,,,Lungs,2.16.840.1.114274.1818.53154375682012009235432204601563485866,,,da2db6a3-93f5-4066-90b2-f8dd8afadd2c,ACR_20211115,a220b30d-d4ed-4800-a477-328d8a41e683,2.16.840.1.114274.1818.478962371378553641311377704914256107965,10000364-6602834,10000364-6602834,Yes,Male,87.0,White,False,False
ct_series_file,f85e6e86-dedc-4dec-9de1-5004f7e496a5,Open-A1,2.16.840.1.114274.1818.511455090527424661013027565214474895771,CT,DCM,DICOM,10000364-1561914/2.16.840.1.114274.1818.463190123875920960310964482256503421824/2.16.840.1.114274.1818.511455090527424661013027565214474895771.zip,47496472,f4b8a2e5505a08aa351c1c8479e58c0d,,10000364-1561914,UNDEFINED,Br40f3,ELLIP_ZEC,,,,ORIGINALPRIMARYAXIALCT_SOM5 SPI,0.0,Siemens Healthineers,SOMATOM go.Top,CT,209.0,dg.MD1R/b653ff12-1824-44b5-9812-f8473977ef66,,"0.80078125,0.80078125",CHEST WITH 1.50 Br40 S3,2.16.840.1.114274.1818.511455090527424661013027565214474895771,1.5,,59f32345-e328-4e77-8813-6fdff0a106e3,ACR_20220415,291107d7-9bb7-44e8-997f-adb49e60d1ea,2.16.840.1.114274.1818.463190123875920960310964482256503421824,10000364-1561914,10000364-1561914,Yes,Male,72.0,White,False,False
ct_series_file,fa61cfcf-7d75-4385-b037-98000b423bcd,Open-A1,2.16.840.1.114274.1818.501762530096290763018023349622342301614,CT,DCM,DICOM,10000364-1467158/2.16.840.1.114274.1818.553575998544204341410585074376355150211/2.16.840.1.114274.1818.501762530096290763018023349622342301614.zip,24883292,57651fbfacfdf7c5b891fc088d3e2be6,,10000364-1467158,,STANDARD,,,,False,DERIVED_SECONDARY_REFORMATTED_AVERAGE,,GE MEDICAL SYSTEMS,LightSpeed VCT,CT,,dg.MD1R/c1afc7ff-73e6-43ae-902d-126fcef80643,FFS,0.644531,chest coronal,2.16.840.1.114274.1818.501762530096290763018023349622342301614,"1.25,2.0",,f704bef2-2e0f-450c-bbd0-8beaf82f4757,ACR_20241215,477e2c31-0409-457f-9674-119d440d6acb,2.16.840.1.114274.1818.553575998544204341410585074376355150211,10000364-1467158,10000364-1467158,Yes,Female,63.0,White,False,False
ct_series_file,d3196bb2-2212-43be-b986-315855f3418c,Open-A1,2.16.840.1.114274.1818.5350759787843960253776565774904233377,CT,DCM,DICOM,10000364-1301552/2.16.840.1.114274.1818.53824646897353500637325612312625260191/2.16.840.1.114274.1818.5350759787843960253776565774904233377.zip,30833352,65b074fa7e0e215b939873becbfb1339,,10000364-1301552,Omnipaque,Br59f,XYZ_EC,,,False,DERIVED_PRIMARY_AXIAL_CT_SOM5 MPR,,SIEMENS,SOMATOM Definition AS+,CT,,dg.MD1R/2cef2819-8c4c-43a2-b9a1-c4b2fa40a88b,FFS,0.482421875,Lung Axials 3.0  mm,2.16.840.1.114274.1818.5350759787843960253776565774904233377,3.0,,f704bef2-2e0f-450c-bbd0-8beaf82f4757,ACR_20241215,0581b02c-6c8c-4e8c-a7bb-b8c9d9cd5b6c,2.16.840.1.114274.1818.53824646897353500637325612312625260191,10000364-1301552,10000364-1301552,Yes,Female,67.0,White,True,False
ct_series_file,cd956b6c-82f8-429d-af98-70997aa6d5d1,Open-A1,2.16.840.1.114274.1818.51359354239568111606581321274280990602,CT,DCM,DICOM,2.16.840.1.114274.1818.574689295796532509813369544226813983933/2.16.840.1.114274.1818.51359354239568111606581321274280990602.zip,75874160,211f8bc093b3bc64dce621508ff2a164,,10000364-6550156,,,,,,,,,Siemens Healthineers,SOMATOM go.Top,CT,245.0,dg.MD1R/e19ce3e1-bbb7-4380-bd5e-214c3ce7cbaa,,,CHEST WO 1.50 Br56 S3 sag,2.16.840.1.114274.1818.51359354239568111606581321274280990602,,,da2db6a3-93f5-4066-90b2-f8dd8afadd2c,ACR_20211115,f99d0e68-08a8-4724-80ad-4a739ebc724c,2.16.840.1.114274.1818.574689295796532509813369544226813983933,10000364-6550156,10000364-6550156,Yes,Male,87.0,White,,
ct_series_file,6e27ef70-74a3-4155-a6da-33d20f2917ef,Open-A1,2.16.840.1.114274.1818.51249020484042262545255684395771188099,CT,DCM,DICOM,10000364-1342340/CT_2.16.840.1.114274.1818.51468086754495826325778389963944558468/2.16.840.1.114274.1818.51249020484042262545255684395771188099.zip,58285000,0154a68bf2559d8ab38a483f1f2958df,,10000364-1342340,OMNI 350,,,,,,,,SIEMENS,SOMATOM Drive,CT,212.0,dg.MD1R/c4217eee-aa04-423d-bd78-de1743dae84e,,,COR CHEST  PE STD MPR +C,2.16.840.1.114274.1818.51249020484042262545255684395771188099,,,23e8c279-92d2-47da-99de-97dedc454bb4,ACR_20211020,3bf9109e-011e-4629-a554-92978b29bb01,2.16.840.1.114274.1818.51468086754495826325778389963944558468,10000364-1342340,10000364-1342340,Yes,Female,37.0,Black or African American,,
ct_series_file,1ec877fd-1058-4395-85df-d9b472f97608,Open-A1,2.16.840.1.114274.1818.47621662850957593012362598469381015476,CT,DCM,DICOM,10000364-1738289/2.16.840.1.114274.1818.525260646572998119016466100837352592772/2.16.840.1.114274.1818.47621662850957593012362598469381015476.zip,61399836,4f93e720e00d14b6471b18c11d992568,,10000364-1738289,,LUNG,,,,,ORIGINALPRIMARYAXIAL,,GE MEDICAL SYSTEMS,LightSpeed VCT,CT,247.0,dg.MD1R/90ee07d9-39b7-45cb-a348-ccb373ffec8c,,,lung windows,2.16.840.1.114274.1818.47621662850957593012362598469381015476,1.25,1.25,59f32345-e328-4e77-8813-6fdff0a106e3,ACR_20220415,82c8bba9-540a-4205-a7bd-1555c02b0a81,2.16.840.1.114274.1818.525260646572998119016466100837352592772,10000364-1738289,10000364-1738289,Yes,Female,41.0,White,,
ct_series_file,7473ffad-4aa0-4cd6-9aba-dff7d1870897,Open-A1,2.16.840.1.114274.1818.5544097115750504993864345648853633422,CT,DCM,DICOM,10003752-EXrrXV8FMEuywIrQcAL4Lg/2.16.840.1.114274.1818.48352649632016703894713953631406398610/2.16.840.1.114274.1818.5544097115750504993864345648853633422.zip,21300042,55c172e9da63958637939a706c0c59e3,,10003752-EXrrXV8FMEuywIrQcAL4Lg,,,,,,,,,GE MEDICAL SYSTEMS,Revolution CT,CT,109.0,dg.MD1R/9d58e3d4-ba47-495b-aa45-5cfa7f7eeb94,,,ART CHEST RECON DLIR MED,2.16.840.1.114274.1818.5544097115750504993864345648853633422,,,06406925-1d98-4e8f-a0ce-c52b678bcb2a,ACR_20220107,79fd0546-4c97-4d30-982d-05797dafec5b,2.16.840.1.114274.1818.48352649632016703894713953631406398610,10003752-EXrrXV8FMEuywIrQcAL4Lg,10003752-EXrrXV8FMEuywIrQcAL4Lg,Yes,Female,,Black or African American,,
ct_series_file,1f437ad8-4026-48cc-b19d-2b52ba9e8f7b,Open-A1,2.16.840.1.114274.1818.50018207088066420632549936954537724051,CT,DCM,DICOM,2.16.840.1.114274.1818.46638061106650275419844814655875487911/2.16.840.1.114274.1818.50018207088066420632549936954537724051.zip,23674810,c1469447746f27082467271e4cc66cad,,10000364-1604169,OMNIPAQUE 350,,,,,,,,GE MEDICAL SYSTEMS,Discovery CT750 HD,CT,92.0,dg.MD1R/d88d7298-04ec-4578-aad7-3f0224f48740,,,Lung MIPS,2.16.840.1.114274.1818.50018207088066420632549936954537724051,,,da2db6a3-93f5-4066-90b2-f8dd8afadd2c,ACR_20211115,58601920-ef3b-40d6-87bb-ec3b579ef54e,2.16.840.1.114274.1818.46638061106650275419844814655875487911,10000364-1604169,10000364-1604169,Yes,Female,67.0,Not Reported,True,True
ct_series_file,bb78cec7-c494-4599-b419-7e7b67450456,Open-A1,2.16.840.1.114274.1818.523680416433626966712385563858228026288,CT,DCM,DICOM,2.16.840.1.114274.1818.548013003201904781712474320983617482389/2.16.840.1.114274.1818.523680416433626966712385563858228026288.zip,7247388,101601c0c5ab597d954ba20375f923a0,,10000364-59574,,,,,,,,,SIEMENS,SOMATOM Definition AS+,CT,21.0,dg.MD1R/be218e31-db5e-4586-9d94-e09526e327df,,,PRE AXIAL Lung 5.0  ax,2.16.840.1.114274.1818.523680416433626966712385563858228026288,,,da2db6a3-93f5-4066-90b2-f8dd8afadd2c,ACR_20211115,b69e6a0f-3adc-4304-9621-4207add3948f,2.16.840.1.114274.1818.548013003201904781712474320983617482389,10000364-59574,10000364-59574,Yes,Female,56.0,Black or African American,True,False
ct_series_file,31b9e55b-b562-499f-8b9f-6614b570f607,Open-A1,2.16.840.1.114274.1818.51471828088570427469598893545910959501,CT,DCM,DICOM,10000364-2037527/2.16.840.1.114274.1818.520401074357408776612912147217841141950/2.16.840.1.114274.1818.51471828088570427469598893545910959501.zip,65576376,75e967b6a588f07eccc70a25347ea079,,10000364-2037527,Omnipaque,I70f_3,XYZ_EC,,,False,DERIVED_PRIMARY_AXIAL_CT_SOM5 MPR,,SIEMENS,SOMATOM Definition AS+,CT,,dg.MD1R/1fdb45bb-2ed4-4470-90cd-c812d60c95cb,FFS,0.53125,Lung Axial 1.5 mm,2.16.840.1.114274.1818.51471828088570427469598893545910959501,1.5,,f704bef2-2e0f-450c-bbd0-8beaf82f4757,ACR_20241215,b29edfb3-4218-4793-ad3d-147cd91d6540,2.16.840.1.114274.1818.520401074357408776612912147217841141950,10000364-2037527,10000364-2037527,Yes,Female,61.0,White,True,False
ct_series_file,ca3e3dcf-b50d-4778-bf78-7ce3d2785be0,Open-A1,2.16.840.1.114274.1818.48810869177159491584993118038082337666,CT,DCM,DICOM,10000364-1122552/2.16.840.1.114274.1818.50347733328759515585704652862934127038/2.16.840.1.114274.1818.48810869177159491584993118038082337666.zip,34148116,561951938e3bc239d3b2965eedc98129,,10000364-1122552,OMNIPAQUE,,,,,,,,SIEMENS,Sensation 64,CT,129.0,dg.MD1R/917d3f71-ccd4-4d80-b2fb-d300b731ecc8,,,CTA CHEST  2.0  SPO  cor  MPR COR,2.16.840.1.114274.1818.48810869177159491584993118038082337666,,,5f596eb7-d79b-47d3-8ff0-1d4ba3d2ea85,ACR_20210827,554df2f3-6750-4514-8d7f-8954a8144d26,2.16.840.1.114274.1818.50347733328759515585704652862934127038,10000364-1122552,10000364-1122552,Yes,Female,82.0,White,True,True
ct_series_file,2ca42a00-cb54-43f2-94d5-6d5556628fef,Open-A1,2.16.840.1.114274.1818.490344542884184299114245747592208272513,CT,DCM,DICOM,10000364-1603150/2.16.840.1.114274.1818.527247049003164302911236749744885271173/2.16.840.1.114274.1818.490344542884184299114245747592208272513.zip,65153034,7deaa1d47595a8ac604b2221f9b5463e,,10000364-1603150,OMNIPAQUE 350,,,,,,,,GE MEDICAL SYSTEMS,LightSpeed VCT,CT,261.0,dg.MD1R/6ef5c645-c24b-4efc-aeea-0ab31f066935,,,lung windows,2.16.840.1.114274.1818.490344542884184299114245747592208272513,,,5f596eb7-d79b-47d3-8ff0-1d4ba3d2ea85,ACR_20210827,af8e7ea2-5caf-413f-8ef5-4774e20d0a1d,2.16.840.1.114274.1818.527247049003164302911236749744885271173,10000364-1603150,10000364-1603150,Yes,Male,53.0,White,,
ct_series_file,c436b708-2d3d-4e98-aa6a-39b29bc259ed,Open-A1,2.16.840.1.114274.1818.48482534272920949518968433468958269112,CT,DCM,DICOM,2.16.840.1.114274.1818.554282610130916105215935183713138783892/2.16.840.1.114274.1818.48482534272920949518968433468958269112.zip,64224394,d36d416a131b71cbf11d0bf7b5c9f80c,,10000364-6464400,,,,,,,,,GE MEDICAL SYSTEMS,Revolution CT,CT,243.0,dg.MD1R/aa74572c-d846-4475-8502-09c969e4f263,,,LUNG,2.16.840.1.114274.1818.48482534272920949518968433468958269112,,,da2db6a3-93f5-4066-90b2-f8dd8afadd2c,ACR_20211115,846ef3dd-b1e3-4f6d-8fda-db1ed3bcb409,2.16.840.1.114274.1818.554282610130916105215935183713138783892,10000364-6464400,10000364-6464400,Yes,Female,55.0,White,,
ct_series_file,ac829b73-59ea-4232-a2a0-9e0d3964b6c5,Open-A1,2.16.840.1.114274.1818.54128089299981578123704460480341616034,CT,DCM,DICOM,2.16.840.1.114274.1818.4729490124752838533283126635828143287/2.16.840.1.114274.1818.54128089299981578123704460480341616034.zip,100870438,8a34d5be85e3aa39ce9f214ec3d88c1a,,10000364-1709737,,,,,,,,,SIEMENS,SOMATOM Definition AS,CT,314.0,dg.MD1R/7c7010cc-41f8-4a49-a1a4-5f8973586511,,,Ax Lung Scr LUNG,2.16.840.1.114274.1818.54128089299981578123704460480341616034,,,da2db6a3-93f5-4066-90b2-f8dd8afadd2c,ACR_20211115,2e5acb93-cdbc-42c2-889e-193931b422f9,2.16.840.1.114274.1818.4729490124752838533283126635828143287,10000364-1709737,10000364-1709737,Yes,Female,76.0,White,,
ct_series_file,e5d2b4bb-0cb7-4f6b-b7e4-e2b636070c36,Open-A1,2.16.840.1.114274.1818.54999784448546971074324059187406288820,CT,DCM,DICOM,10000364-2022500/CT_2.16.840.1.114274.1818.46518320842868519008335235323803133367/2.16.840.1.114274.1818.54999784448546971074324059187406288820.zip,35157434,7112e1268db6200d85507507311f8c4b,,10000364-2022500,,,,,,,,,GE MEDICAL SYSTEMS,Discovery CT750 HD,CT,203.0,dg.MD1R/909349cf-ab57-4db5-a071-a3b0754db2f3,,,chest sagital,2.16.840.1.114274.1818.54999784448546971074324059187406288820,,,23e8c279-92d2-47da-99de-97dedc454bb4,ACR_20211020,2b32babf-a443-4197-8e6e-5f4be53dd82d,2.16.840.1.114274.1818.46518320842868519008335235323803133367,10000364-2022500,10000364-2022500,Yes,Male,,American Indian or Alaska Native,False,False
ct_series_file,e95d33d9-88fc-4f7f-91a8-445f10e7413b,Open-A1,2.16.840.1.114274.1818.480662124987140262314145166505699205811,CT,DCM,DICOM,10041569-GXa3oFEhwECViCgSy0Fxg/2.16.840.1.114274.1818.488128141625489829012670177099389274523/2.16.840.1.114274.1818.480662124987140262314145166505699205811.zip,33838106,02d24f598c9e5a813e7401ef1f5cc74e,,10041569-GXa3oFEhwECViCgSy0Fxg,,Br49d_2,Z_EC,,,False,DERIVED_PRIMARY_AXIAL_CT_SOM5 MPR_STD_SNRG_DET_AB,,SIEMENS,SOMATOM Force,CT,,dg.MD1R/e842ea1e-3168-4ef8-869b-af1553b432c0,FFS,0.576171875,LUNG_SAG_CHEST_3.0,2.16.840.1.114274.1818.480662124987140262314145166505699205811,3.0,,4fd56c15-6e2d-4b23-9089-796f313124bb,ACR_20250901,376d7666-6296-4a2f-83d6-1985727e03bf,2.16.840.1.114274.1818.488128141625489829012670177099389274523,10041569-GXa3oFEhwECViCgSy0Fxg,10041569-GXa3oFEhwECViCgSy0Fxg,Yes,Female,58.0,White,False,False
ct_series_file,01758e71-29be-4876-b2e0-9f0b93609435,Open-A1,2.16.840.1.114274.1818.499791122343195320017321936630585114028,CT,DCM,DICOM,10003752-1q18rvlKQ0mit0JHn9bQMg/2.16.840.1.114274.1818.53828617980333036214413939713291972241/2.16.840.1.114274.1818.499791122343195320017321936630585114028.zip,97619080,a58042aff254a5acbdba4e6ee87fab30,,10003752-1q18rvlKQ0mit0JHn9bQMg,Iodine,,,,,,,,Philips,iCT 256,CT,472.0,dg.MD1R/09f38c2c-a12b-4531-b747-f25c97e7243d,,,"CHEST CTA ID3, 75%, iDose (3)",2.16.840.1.114274.1818.499791122343195320017321936630585114028,,,06406925-1d98-4e8f-a0ce-c52b678bcb2a,ACR_20220107,b5cdece5-adb9-4894-ba16-114fef752daf,2.16.840.1.114274.1818.53828617980333036214413939713291972241,10003752-1q18rvlKQ0mit0JHn9bQMg,10003752-1q18rvlKQ0mit0JHn9bQMg,Yes,Male,42.0,Black or African American,,
ct_series_file,511a10e1-8381-498c-be7e-1b526aec15c4,Open-A1,2.16.840.1.114274.1818.48841318223229942741807778049445458088,CT,DCM,DICOM,10003752-ofCUp3WiiUaMrmS4BGsMew/2.16.840.1.114274.1818.56592506477802270656280220284132458409/2.16.840.1.114274.1818.48841318223229942741807778049445458088.zip,54406724,e9dd49f94b2f38d4005d77d1ea09c2ab,,10003752-ofCUp3WiiUaMrmS4BGsMew,,,,,,,,,GE MEDICAL SYSTEMS,Revolution CT,CT,258.0,dg.MD1R/ae5da5ea-9b75-4351-831a-208774177679,,,AXIAL CHEST,2.16.840.1.114274.1818.48841318223229942741807778049445458088,,,9de1d49d-ad56-44b3-be2e-a2795ce41ff3,ACR_20210915,0f942e20-1c25-4b46-9873-e362209762df,2.16.840.1.114274.1818.56592506477802270656280220284132458409,10003752-ofCUp3WiiUaMrmS4BGsMew,10003752-ofCUp3WiiUaMrmS4BGsMew,Yes,Female,59.0,Black or African American,,
ct_series_file,ff1726d3-4fca-4a43-a0d7-cae603aa6348,Open-A1,2.16.840.1.114274.1818.501443618874021847112211911376101118118,CT,DCM,DICOM,10041569-LMJZrfNOk2Ay8PFWCoyg/2.16.840.1.114274.1818.529877500537808050017786185087492045470/2.16.840.1.114274.1818.501443618874021847112211911376101118118.zip,11908270,24543af283056f5ff44b78cdcd1f7020,,10041569-LMJZrfNOk2Ay8PFWCoyg,,Br40d_3,Z_EC,,,,ORIGINAL_PRIMARY_AXIAL_CT_SOM5 SPI DUAL_STD_SNRG_DET_AB,,SIEMENS,SOMATOM Force,CT,52.0,dg.MD1R/5f3738ea-086b-40c8-9bb5-e891e6818181,FFS,0.7265625,Fl_Thorax  1.0  Br40  3,2.16.840.1.114274.1818.501443618874021847112211911376101118118,1.0,,f3a84a57-f61e-4953-af27-23f850bc857a,ACR_20230415,aadf7b91-55a3-40cd-873e-5d2c4a6b5dfb,2.16.840.1.114274.1818.529877500537808050017786185087492045470,10041569-LMJZrfNOk2Ay8PFWCoyg,10041569-LMJZrfNOk2Ay8PFWCoyg,Yes,Female,81.0,Black or African American,False,False
ct_series_file,4558ae30-cb83-456f-aea2-73cc73cb91d4,Open-A1,2.16.840.1.114274.1818.51673165608249814396409052843987625386,CT,DCM,DICOM,10000364-5313739/CT_2.16.840.1.114274.1818.47200909681673951717850851231875581855/2.16.840.1.114274.1818.51673165608249814396409052843987625386.zip,40226422,e7d7e8ca09ecf9ec66502a8254b70728,,10000364-5313739,,,,,,,,,SIEMENS,SOMATOM Definition AS,CT,140.0,dg.MD1R/ac0f64c3-1907-43ec-b977-57b1a09db933,,,Lungs,2.16.840.1.114274.1818.51673165608249814396409052843987625386,,,23e8c279-92d2-47da-99de-97dedc454bb4,ACR_20211020,48e2d00b-deaf-4d90-9851-de46126d43d0,2.16.840.1.114274.1818.47200909681673951717850851231875581855,10000364-5313739,10000364-5313739,Yes,Male,,White,True,False
ct_series_file,dc335965-0853-4a9b-9c91-ecc9a3b292a5,Open-A1,2.16.840.1.114274.1818.57052445240176666418948342867453680301,CT,DCM,DICOM,10000364-2067084/CT_2.16.840.1.114274.1818.478168851728461589616834559319628041360/2.16.840.1.114274.1818.57052445240176666418948342867453680301.zip,16842430,b47470f8d65ad84d6a2c87463da155b8,,10000364-2067084,,,,,,,,,GE MEDICAL SYSTEMS,LightSpeed VCT,CT,85.0,dg.MD1R/3ce65bb6-7d85-49c7-b830-85cea7c7596f,,,COR CHEST 3MM,2.16.840.1.114274.1818.57052445240176666418948342867453680301,,,23e8c279-92d2-47da-99de-97dedc454bb4,ACR_20211020,51fbde98-1714-4a72-8112-b1b303f8fdf5,2.16.840.1.114274.1818.478168851728461589616834559319628041360,10000364-2067084,10000364-2067084,Yes,Male,52.0,White,,
ct_series_file,5cbe8e00-284b-4875-a8ca-73af13650285,Open-A1,2.16.840.1.114274.1818.54597914219916153837251905108556967608,CT,DCM,DICOM,10041569-nJu5Q67Fk2QhtZCidTl8Q/2.16.840.1.114274.1818.482976977297578479111097085949227057553/2.16.840.1.114274.1818.54597914219916153837251905108556967608.zip,30989910,c6415e615804b5db5f12cde2f9c1e5e4,,10041569-nJu5Q67Fk2QhtZCidTl8Q,,B40f,XYZ_EC,,,,"DERIVED_PRIMARY_LOCALIZER_CT_SOM5 SPO,DERIVED_PRIMARY_AXIAL_CT_SOM5 SPO",,SIEMENS,Sensation 40,CT,88.0,dg.MD1R/cc7ece4f-0422-46e9-8ac8-b961de5cb46f,FFS,"0.955078125,0.435546875",CHEST INSPIR  3.0  ST  COR,2.16.840.1.114274.1818.54597914219916153837251905108556967608,3.0,,f3a84a57-f61e-4953-af27-23f850bc857a,ACR_20230415,b59dd435-26cb-497c-a96c-122b20b55121,2.16.840.1.114274.1818.482976977297578479111097085949227057553,10041569-nJu5Q67Fk2QhtZCidTl8Q,10041569-nJu5Q67Fk2QhtZCidTl8Q,Yes,Male,74.0,Asian,False,False
ct_series_file,f68408a1-c08b-4f3e-a761-3e8fe176e544,Open-A1,2.16.840.1.114274.1818.48396059096918350752858812268954937784,CT,DCM,DICOM,10000364-1440810/2.16.840.1.114274.1818.543917877046778639012064234511115607212/2.16.840.1.114274.1818.48396059096918350752858812268954937784.zip,48374510,1744ca1a23b4e494a17efd0b56387a3d,,10000364-1440810,OMNIPAQUE 350,STANDARD,,,,,"DERIVEDSECONDARYREFORMATTEDMIN IP,DERIVEDSECONDARYREFORMATTEDAVERAGE",,GE MEDICAL SYSTEMS,LightSpeed VCT,CT,275.0,dg.MD1R/fb4bde70-1c91-4a00-94e2-47966706f6cb,,,SAGITTAL CHEST,2.16.840.1.114274.1818.48396059096918350752858812268954937784,1.25,,59f32345-e328-4e77-8813-6fdff0a106e3,ACR_20220415,99495a5a-a3ee-4523-ad7b-0d3bd606ac98,2.16.840.1.114274.1818.543917877046778639012064234511115607212,10000364-1440810,10000364-1440810,Yes,Female,49.0,Black or African American,,
ct_series_file,be13258c-2dec-4abd-8a9b-2169787ed9fb,Open-A1,2.16.840.1.114274.1818.54376557144603975846958549003109172884,CT,DCM,DICOM,2.16.840.1.114274.1818.46877795116343086482081493902847482499/2.16.840.1.114274.1818.54376557144603975846958549003109172884.zip,9744960,def4cd99330a0de40825bf7c179ccbef,,10000364-6590008,OMNIPAQUE,,,,,,,,SIEMENS,SOMATOM Definition AS,CT,35.0,dg.MD1R/3f6fbd3d-0c0e-4f95-89f9-197ffff4c2cc,,,Lungs,2.16.840.1.114274.1818.54376557144603975846958549003109172884,,,da2db6a3-93f5-4066-90b2-f8dd8afadd2c,ACR_20211115,b3e50c80-34e8-4dda-9085-cefdf0507b99,2.16.840.1.114274.1818.46877795116343086482081493902847482499,10000364-6590008,10000364-6590008,Yes,Male,19.0,White,,
ct_series_file,ddf3ec00-35db-40c7-be9d-91d42bf30ae2,Open-A1,2.16.840.1.114274.1818.55352037188446185194482313678534956208,CT,DCM,DICOM,10000364-1467158/2.16.840.1.114274.1818.472756460614657711812945715915578782337/2.16.840.1.114274.1818.55352037188446185194482313678534956208.zip,71514668,7deca9dba911a706f99e5400a7b715bc,,10000364-1467158,,LUNG,,,,False,ORIGINAL_PRIMARY_AXIAL,,GE MEDICAL SYSTEMS,Revolution CT,CT,,dg.MD1R/58a35627-b1b8-43a3-987f-d97ec1367a7b,FFS,0.712891,LUNG,2.16.840.1.114274.1818.55352037188446185194482313678534956208,1.25,1.25,f704bef2-2e0f-450c-bbd0-8beaf82f4757,ACR_20241215,068a3bde-4b34-4881-8c4f-2a288d173756,2.16.840.1.114274.1818.472756460614657711812945715915578782337,10000364-1467158,10000364-1467158,Yes,Female,63.0,White,False,False
ct_series_file,9f606f6b-ddab-41d5-877c-2bf1f981aeb2,Open-A1,2.16.840.1.114274.1818.571936959830250651510963953502410007469,CT,DCM,DICOM,10000364-814725/2.16.840.1.114274.1818.57550512219581360215828567875170928552/2.16.840.1.114274.1818.571936959830250651510963953502410007469.zip,44634176,2aee3f22a9ec2b9bdddc652513e94014,,10000364-814725,Omnipaque,I70f3,XYZ_EC,,,,DERIVEDPRIMARYAXIALCT_SOM5 MPR,,SIEMENS,SOMATOM Definition AS+,CT,155.0,dg.MD1R/1bd5fd5e-bdb0-4d87-880f-d4341474306a,,,Lung Axial 1.5 mm,2.16.840.1.114274.1818.571936959830250651510963953502410007469,1.5,,59f32345-e328-4e77-8813-6fdff0a106e3,ACR_20220415,0eb19b3e-7330-47df-a8dd-cb393789771b,2.16.840.1.114274.1818.57550512219581360215828567875170928552,10000364-814725,10000364-814725,Yes,Female,54.0,White,,
ct_series_file,cd0b200f-167b-446d-bd77-430e3bc2a01d,Open-A1,2.16.840.1.114274.1818.485662193681198077616507491380803785403,CT,DCM,DICOM,10000364-1461701/2.16.840.1.114274.1818.52001131290310374926881061207582309541/2.16.840.1.114274.1818.485662193681198077616507491380803785403.zip,39594534,863c5bfde220c9a4c2cdd831e96a3a75,,10000364-1461701,OMNI 350,,,,,,,,SIEMENS,SOMATOM Drive,CT,179.0,dg.MD1R/258dcf3a-e49e-42bf-81ab-352bed36e76e,,,AX CHEST PE STD THIN +C  F_0.6,2.16.840.1.114274.1818.485662193681198077616507491380803785403,,,5f596eb7-d79b-47d3-8ff0-1d4ba3d2ea85,ACR_20210827,662e74c9-3ef0-4f76-aa6e-1d6da9c5ffd4,2.16.840.1.114274.1818.52001131290310374926881061207582309541,10000364-1461701,10000364-1461701,Yes,Male,18.0,Not Reported,True,False
ct_series_file,58a038c6-92ee-44dd-9758-fcf0e8f7de8d,Open-A1,2.16.840.1.114274.1818.556295259830905807215611567761458415795,CT,DCM,DICOM,10000364-5584057/2.16.840.1.114274.1818.49856262707778630472245136681203143086/2.16.840.1.114274.1818.556295259830905807215611567761458415795.zip,43397658,d644d46f60d120a65fb6c609e5f7321f,,10000364-5584057,OMNIPAQUE,I70f_1,XYZ_EC,,,False,ORIGINAL_PRIMARY_AXIAL_CT_SOM5 SPI,,SIEMENS,SOMATOM Definition AS,CT,,dg.MD1R/9e7a3ab2-6406-4928-8777-1b851104b57c,HFS,0.755859375,PE Lungs,2.16.840.1.114274.1818.556295259830905807215611567761458415795,2.0,,f704bef2-2e0f-450c-bbd0-8beaf82f4757,ACR_20241215,f01531b0-910b-4f1c-9715-17240835cc2c,2.16.840.1.114274.1818.49856262707778630472245136681203143086,10000364-5584057,10000364-5584057,Yes,Female,43.0,Black or African American,False,False
ct_series_file,5986e7a3-7946-4123-97ad-aa02344880dc,Open-A1,2.16.840.1.114274.1818.47758013908533595455189285121351193488,CT,DCM,DICOM,2.16.840.1.114274.1818.5588682425937263416788101456206145956/2.16.840.1.114274.1818.47758013908533595455189285121351193488.zip,65284412,8bae2a54350d67a1cf98c6179cc06140,,10000364-1495620,,,,,,,,,Siemens Healthineers,SOMATOM go.Top,CT,221.0,dg.MD1R/d619cfa7-83f5-41be-a654-d7b4e7aaf0c7,,,CHEST WO 1.50 Br56 S3,2.16.840.1.114274.1818.47758013908533595455189285121351193488,,,da2db6a3-93f5-4066-90b2-f8dd8afadd2c,ACR_20211115,e64cfa35-c694-43ca-b6d1-5f80804ff401,2.16.840.1.114274.1818.5588682425937263416788101456206145956,10000364-1495620,10000364-1495620,Yes,Female,,White,,
ct_series_file,24f190a9-782d-4563-b56c-325fc9c63bca,Open-A1,2.16.840.1.114274.1818.5192249623402654238765094804097457800,CT,DCM,DICOM,10000364-4953211/2.16.840.1.114274.1818.49529670610359013078468372516347941782/2.16.840.1.114274.1818.5192249623402654238765094804097457800.zip,1024372,9a1435798e6afaef5fea133a7413053c,,10000364-4953211,,,,,,,,,GE MEDICAL SYSTEMS,Revolution CT,CT,4.0,dg.MD1R/2a5220d9-0d8d-419c-91d8-a446a3881220,,,LUNG,2.16.840.1.114274.1818.5192249623402654238765094804097457800,,,5f596eb7-d79b-47d3-8ff0-1d4ba3d2ea85,ACR_20210827,007e5b75-9c7f-4253-9b44-3495086b231a,2.16.840.1.114274.1818.49529670610359013078468372516347941782,10000364-4953211,10000364-4953211,Yes,Male,85.0,Not Reported,True,True
ct_series_file,f2a2b5e9-d202-4e2f-b71d-1dc7b81cfab4,Open-A1,2.16.840.1.114274.1818.50723762498625396815293335944952057226,CT,DCM,DICOM,10000364-6492995/2.16.840.1.114274.1818.48737086860001506688937645910661629837/2.16.840.1.114274.1818.50723762498625396815293335944952057226.zip,41637756,f6d8dc336b4c8714a59a5ea8e0039dbd,,10000364-6492995,OMNIPAQUE 350,,,,,,,,GE MEDICAL SYSTEMS,LightSpeed VCT,CT,208.0,dg.MD1R/4f737d07-b050-4dbd-87da-483c9f802c26,,,PE chest lung apice-bases,2.16.840.1.114274.1818.50723762498625396815293335944952057226,,,5f596eb7-d79b-47d3-8ff0-1d4ba3d2ea85,ACR_20210827,bf2fa283-cb9e-4506-babc-4b09fd652320,2.16.840.1.114274.1818.48737086860001506688937645910661629837,10000364-6492995,10000364-6492995,Yes,Male,17.0,Asian,True,False
ct_series_file,5268e9c5-2cc7-4f36-ad27-42bd43220ebf,Open-A1,2.16.840.1.114274.1818.46665772005759731087578748900426084772,CT,DCM,DICOM,10000364-1410202/2.16.840.1.114274.1818.46736462094647598389866405098959412133/2.16.840.1.114274.1818.46665772005759731087578748900426084772.zip,58277904,8f35fd24ea72a5beb08dc0fe8399eb38,,10000364-1410202,,,,,,,,,GE MEDICAL SYSTEMS,Discovery CT750 HD,CT,223.0,dg.MD1R/3703f922-ab2f-4868-923b-31c9b8262bba,,,LUNG,2.16.840.1.114274.1818.46665772005759731087578748900426084772,,,5f596eb7-d79b-47d3-8ff0-1d4ba3d2ea85,ACR_20210827,3be7443b-f08b-4932-95e1-d2887623bd97,2.16.840.1.114274.1818.46736462094647598389866405098959412133,10000364-1410202,10000364-1410202,Yes,Female,66.0,White,,
ct_series_file,30292a30-ad29-4a37-b0cd-89ab35c14bf1,Open-A1,2.16.840.1.114274.1818.47613548561864724433399437827982011548,CT,DCM,DICOM,10000364-1338981/2.16.840.1.114274.1818.49050591623234397264787178502074433687/2.16.840.1.114274.1818.47613548561864724433399437827982011548.zip,29339106,2954636e4d9abc21390275b84d724c9d,,10000364-1338981,,,,,,,,,GE MEDICAL SYSTEMS,LightSpeed VCT,CT,133.0,dg.MD1R/6ab4d374-b48a-4858-9367-1418003687e8,,,CHEST BMI 25-40,2.16.840.1.114274.1818.47613548561864724433399437827982011548,,,4a5dd86d-7965-48bb-9c2b-c6d36089c780,ACR_20220314,03d55e90-33a7-4442-920c-62c5e1e53e53,2.16.840.1.114274.1818.49050591623234397264787178502074433687,10000364-1338981,10000364-1338981,No,Male,61.0,White,,
ct_series_file,b2ac6aa2-daad-451c-a0ab-ffe17c24459a,Open-A1,2.16.840.1.114274.1818.562575080346858447815986307107508386208,CT,DCM,DICOM,2.16.840.1.114274.1818.52841559034619516492923214166497702792/2.16.840.1.114274.1818.562575080346858447815986307107508386208.zip,24116838,fb2596e29e4bd157d1b5ba85df7c952d,,10003752-iq9uC9nEUO3RVjOIpfBmw,,,,,,,,,GE MEDICAL SYSTEMS,Revolution CT,CT,132.0,dg.MD1R/a36902b4-fb72-4a9e-8f7f-92a5eca1b58f,,,ART COR CHEST,2.16.840.1.114274.1818.562575080346858447815986307107508386208,,,da2db6a3-93f5-4066-90b2-f8dd8afadd2c,ACR_20211115,f6e3d23f-8e53-46d0-8ddb-40d31f94f36b,2.16.840.1.114274.1818.52841559034619516492923214166497702792,10003752-iq9uC9nEUO3RVjOIpfBmw,10003752-iq9uC9nEUO3RVjOIpfBmw,No,Male,50.0,Black or African American,,
ct_series_file,ff746048-68f0-4467-8a4e-d9383692329b,Open-A1,2.16.840.1.114274.1818.51428198835518081842985762131109254274,CT,DCM,DICOM,10000364-2308938/2.16.840.1.114274.1818.524031669736131611916351608691523266460/2.16.840.1.114274.1818.51428198835518081842985762131109254274.zip,78846060,d2522d74e62d970efa191afd8d100736,,10000364-2308938,,,,,,,,,GE MEDICAL SYSTEMS,Revolution CT,CT,301.0,dg.MD1R/4e3cc81f-9ae0-4f6d-b239-1b57d5e349b4,,,LUNG,2.16.840.1.114274.1818.51428198835518081842985762131109254274,,,4a5dd86d-7965-48bb-9c2b-c6d36089c780,ACR_20220314,913a02c2-810c-416c-84f4-d9d3730a02a9,2.16.840.1.114274.1818.524031669736131611916351608691523266460,10000364-2308938,10000364-2308938,No,Male,65.0,Black or African American,,
ct_series_file,219582ee-d624-4c6f-88ed-d4ae1f2ebe9e,Open-A1,2.16.840.1.114274.1818.46367819524351795002758149398608519089,CT,DCM,DICOM,10003752-e2YAkUMw0GUpmErzBTNA/2.16.840.1.114274.1818.56040326162047706688748661663160194735/2.16.840.1.114274.1818.46367819524351795002758149398608519089.zip,25048948,67dc06fe763decdc9475fd300ea21f65,,10003752-e2YAkUMw0GUpmErzBTNA,,,,,,,,,GE MEDICAL SYSTEMS,Revolution EVO,CT,126.0,dg.MD1R/f473f148-5425-4a4e-b8db-7aebd2b4bde2,,,CHEST RECON,2.16.840.1.114274.1818.46367819524351795002758149398608519089,,,b2f0484a-2536-49b7-8739-c1056a9ce85c,ACR_20220218,ed876c87-977a-4baa-8d77-ee832a75bb0d,2.16.840.1.114274.1818.56040326162047706688748661663160194735,10003752-e2YAkUMw0GUpmErzBTNA,10003752-e2YAkUMw0GUpmErzBTNA,No,Female,74.0,White,,
ct_series_file,9cf51ef9-3ebb-4d77-985c-8287df3dd849,Open-A1,2.16.840.1.114274.1818.508352496299842726116285583511781039003,CT,DCM,DICOM,10000364-2053798/2.16.840.1.114274.1818.471781229648193412716937406770711112362/2.16.840.1.114274.1818.508352496299842726116285583511781039003.zip,65043050,c9b6141d6fffcadffefed50100ce3fcb,,10000364-2053798,,,,,,,,,SIEMENS,SOMATOM Definition Flash,CT,221.0,dg.MD1R/107e9051-4bb3-4a63-b305-7ceec4f5de53,,,Fl_LUNG 1.5  B80f,2.16.840.1.114274.1818.508352496299842726116285583511781039003,,,4a5dd86d-7965-48bb-9c2b-c6d36089c780,ACR_20220314,8e6b2b28-6949-41fd-8841-afda3920a6c2,2.16.840.1.114274.1818.471781229648193412716937406770711112362,10000364-2053798,10000364-2053798,No,Female,72.0,Black or African American,,
ct_series_file,4b9afeb8-febb-4e4a-bca3-61a9c3e4114c,Open-A1,2.16.840.1.114274.1818.46591498142562392287058312723356023982,CT,DCM,DICOM,10000364-6558261/2.16.840.1.114274.1818.476720168558324003810493268305213154946/2.16.840.1.114274.1818.46591498142562392287058312723356023982.zip,29308844,10c4fe448a042db900f410d1181c74e8,,10000364-6558261,,,,,,,,,GE MEDICAL SYSTEMS,LightSpeed Pro 16,CT,123.0,dg.MD1R/d0f05954-29f1-41a6-89f4-019467b8c9e2,,,Recon 3: CHEST ABDOMEN PELVIS,2.16.840.1.114274.1818.46591498142562392287058312723356023982,,,4a5dd86d-7965-48bb-9c2b-c6d36089c780,ACR_20220314,c768fedd-c218-435c-b0f1-54c5677628f2,2.16.840.1.114274.1818.476720168558324003810493268305213154946,10000364-6558261,10000364-6558261,No,Male,72.0,Not Reported,,
ct_series_file,cf6db56b-4058-4ee7-a705-eb3ccb3e10bf,Open-A1,2.16.840.1.114274.1818.53267951752829450528260498214756145341,CT,DCM,DICOM,10000364-476928/2.16.840.1.114274.1818.46658719234491431308572561319293671335/2.16.840.1.114274.1818.53267951752829450528260498214756145341.zip,37018226,8ba149648c4d1d9603539d0cd233a4a8,,10000364-476928,,,,,,,,,GE MEDICAL SYSTEMS,LightSpeed VCT,CT,248.0,dg.MD1R/220ab051-8cce-47d3-b837-014339570b24,,,chest sag,2.16.840.1.114274.1818.53267951752829450528260498214756145341,,,4a5dd86d-7965-48bb-9c2b-c6d36089c780,ACR_20220314,373fe128-cc2e-4c0b-9230-6c2597ebcfa9,2.16.840.1.114274.1818.46658719234491431308572561319293671335,10000364-476928,10000364-476928,No,Female,39.0,White,,
ct_series_file,bbd137b2-f733-4753-b56e-64fdc4af0264,Open-A1,2.16.840.1.114274.1818.491702641346923014118397345290596093578,CT,DCM,DICOM,10000364-6561465/2.16.840.1.114274.1818.552716899275677585012816122265716818307/2.16.840.1.114274.1818.491702641346923014118397345290596093578.zip,498602608,4a06451e411477076985b89d523135ba,,10000364-6561465,,,,,,,,,SIEMENS,SOMATOM Definition Flash,CT,1321.0,dg.MD1R/486f24be-cf23-4c60-ae5e-45282b058d69,,,LUNG MIP,2.16.840.1.114274.1818.491702641346923014118397345290596093578,,,4a5dd86d-7965-48bb-9c2b-c6d36089c780,ACR_20220314,3fbeff0a-69b8-48d2-88b5-ae417a999b9a,2.16.840.1.114274.1818.552716899275677585012816122265716818307,10000364-6561465,10000364-6561465,No,Female,46.0,Black or African American,,
ct_series_file,dad68053-36f2-40ef-a872-5b6dd859b7bc,Open-A1,2.16.840.1.114274.1818.50010290468869076942690122047758435731,CT,DCM,DICOM,10000364-6177918/2.16.840.1.114274.1818.57349558061575686279715936690702202553/2.16.840.1.114274.1818.50010290468869076942690122047758435731.zip,61031468,4ec9319bdf5680ad6811b08cce31c433,,10000364-6177918,OMNIPAQUE 350,,,,,,,,GE MEDICAL SYSTEMS,LightSpeed VCT,CT,349.0,dg.MD1R/b3e346b2-60a8-48bf-8dac-fd55966ab5d4,,,SAGITTAL CHEST,2.16.840.1.114274.1818.50010290468869076942690122047758435731,,,4a5dd86d-7965-48bb-9c2b-c6d36089c780,ACR_20220314,ae3009ff-5157-4b47-9b30-431217c13104,2.16.840.1.114274.1818.57349558061575686279715936690702202553,10000364-6177918,10000364-6177918,No,Male,58.0,White,,
ct_series_file,83a36816-10da-4f48-9583-1fab74399ae0,Open-A1,2.16.840.1.114274.1818.57169315326018157418059220896575679116,CT,DCM,DICOM,10000364-920821/2.16.840.1.114274.1818.470055990988101362514621196491048963468/2.16.840.1.114274.1818.57169315326018157418059220896575679116.zip,22005908,f8c6ca63b6b64087269478938c2fcaef,,10000364-920821,,,,,,,,,GE MEDICAL SYSTEMS,Revolution CT,CT,108.0,dg.MD1R/e7d91de0-eef9-4ce3-a0f7-ffe42ec9db35,,,COR LUNG MIPS,2.16.840.1.114274.1818.57169315326018157418059220896575679116,,,b2f0484a-2536-49b7-8739-c1056a9ce85c,ACR_20220218,c765ccc5-5815-4d99-b77c-c71462fc90bb,2.16.840.1.114274.1818.470055990988101362514621196491048963468,10000364-920821,10000364-920821,No,Male,74.0,White,,
ct_series_file,d39fda1c-2fb3-477c-8cc6-33b156d26fd8,Open-A1,2.16.840.1.114274.1818.47963979887244344012470614237336763055,CT,DCM,DICOM,10000364-1268967/2.16.840.1.114274.1818.5302016177271459870108733638777946038/2.16.840.1.114274.1818.47963979887244344012470614237336763055.zip,74318178,77441813752e1a6c76cbe9af18db4cf6,,10000364-1268967,APPLIED,,,,,,,,SIEMENS,SOMATOM Definition Flash,CT,323.0,dg.MD1R/00397420-ff82-49fd-8326-d050bbb72c3f,,,Fl_PE Chest   1.5  B40f,2.16.840.1.114274.1818.47963979887244344012470614237336763055,,,b2f0484a-2536-49b7-8739-c1056a9ce85c,ACR_20220218,1d90abcc-71b6-4263-8838-b20fc110c81b,2.16.840.1.114274.1818.5302016177271459870108733638777946038,10000364-1268967,10000364-1268967,No,Male,58.0,White,,
ct_series_file,0758ce7f-8b59-4571-b129-3d3a4a9bf7ed,Open-A1,2.16.840.1.114274.1818.562016988861752811412591476343378885766,CT,DCM,DICOM,2.16.840.1.114274.1818.522998478243265395114100702858939822524/2.16.840.1.114274.1818.562016988861752811412591476343378885766.zip,99614638,54e071502c55ba11d24e89d98908b83b,,10003752-BJQOZADCEaIGRfh2TFMQ,,,,,,,,,GE MEDICAL SYSTEMS,Revolution CT,CT,476.0,dg.MD1R/7c4c8c74-3bcc-40d4-83cf-40bf0aa3f102,,,CHEST SOURCE DLIR MED,2.16.840.1.114274.1818.562016988861752811412591476343378885766,,,da2db6a3-93f5-4066-90b2-f8dd8afadd2c,ACR_20211115,eebb14c8-c7e4-4426-9ba7-21f2b9a2983c,2.16.840.1.114274.1818.522998478243265395114100702858939822524,10003752-BJQOZADCEaIGRfh2TFMQ,10003752-BJQOZADCEaIGRfh2TFMQ,No,Male,67.0,Black or African American,,
ct_series_file,e5db59b5-9db1-483f-a089-1231fe59603a,Open-A1,2.16.840.1.114274.1818.472627979954503455116242266813071392682,CT,DCM,DICOM,10000364-1322764/2.16.840.1.114274.1818.54074326657194404174434389511491661730/2.16.840.1.114274.1818.472627979954503455116242266813071392682.zip,76106564,cdae4f24b873803be38c6d20b10fc4db,,10000364-1322764,,,,,,,,,GE MEDICAL SYSTEMS,LightSpeed VCT,CT,290.0,dg.MD1R/fae769ca-ce0c-424e-959a-9e2dde865f06,,,lung windows,2.16.840.1.114274.1818.472627979954503455116242266813071392682,,,b2f0484a-2536-49b7-8739-c1056a9ce85c,ACR_20220218,17bf0726-a07e-499d-9a86-5d9b92ef98ac,2.16.840.1.114274.1818.54074326657194404174434389511491661730,10000364-1322764,10000364-1322764,No,Male,53.0,Black or African American,,
ct_series_file,a2a5a3cf-8d86-4bb8-9c3d-0e421415079a,Open-A1,2.16.840.1.114274.1818.531160598887119788315960740735611289489,CT,DCM,DICOM,10000364-1602287/2.16.840.1.114274.1818.55985632790743862879318874453431834515/2.16.840.1.114274.1818.531160598887119788315960740735611289489.zip,175351342,79934c20f63ff0513c9c0d919ea95430,,10000364-1602287,APPLIED,,,,,,,,SIEMENS,SOMATOM Definition Flash,CT,660.0,dg.MD1R/5a6289f7-e60b-4907-83da-6a77d28f0575,,,Fl_LUNG 1.0  Bl57,2.16.840.1.114274.1818.531160598887119788315960740735611289489,,,4a5dd86d-7965-48bb-9c2b-c6d36089c780,ACR_20220314,9979b1dc-c372-47d2-916d-50f129d22389,2.16.840.1.114274.1818.55985632790743862879318874453431834515,10000364-1602287,10000364-1602287,No,Male,65.0,Not Reported,,
ct_series_file,cb5082d5-92dc-4860-b4ce-8510dcc80fb8,Open-A1,2.16.840.1.114274.1818.52225742191449389108030996836801613474,CT,DCM,DICOM,10008204-gXLVejJfQECdUOhiuTwFSw/2.16.840.1.114274.1818.57194955913216679973019943046478784674/2.16.840.1.114274.1818.52225742191449389108030996836801613474.zip,31034734,ea3f3d1ff3cea207ab258dfb0cb8672a,,10008204-gXLVejJfQECdUOhiuTwFSw,,,,,,,,,GE MEDICAL SYSTEMS,Optima CT660,CT,140.0,dg.MD1R/b8170940-c135-4285-a9ab-9a9c9526a234,,,2.5_LUNG_PACS,2.16.840.1.114274.1818.52225742191449389108030996836801613474,,,b2f0484a-2536-49b7-8739-c1056a9ce85c,ACR_20220218,39368094-3447-46ae-b6f3-d75a6c6205fc,2.16.840.1.114274.1818.57194955913216679973019943046478784674,10008204-gXLVejJfQECdUOhiuTwFSw,10008204-gXLVejJfQECdUOhiuTwFSw,No,Male,73.0,White,,
ct_series_file,ea4fc90d-cd17-4cf3-8120-ba027c99db26,Open-A1,2.16.840.1.114274.1818.516732587268661375810323832823369424769,CT,DCM,DICOM,10000364-421080/2.16.840.1.114274.1818.48521676325594573356590947499987693744/2.16.840.1.114274.1818.516732587268661375810323832823369424769.zip,188343324,2989ab396ab5c23d49da636641241545,,10000364-421080,OMNIPAQUE,,,,,,,,GE MEDICAL SYSTEMS,Revolution CT,CT,913.0,dg.MD1R/b89585fd-8f4b-4318-aff9-a8a03f122c40,,,CHEST/ABD/PELVIS 1.25,2.16.840.1.114274.1818.516732587268661375810323832823369424769,,,4a5dd86d-7965-48bb-9c2b-c6d36089c780,ACR_20220314,43394fa2-813a-4fec-860d-29fe0629e06c,2.16.840.1.114274.1818.48521676325594573356590947499987693744,10000364-421080,10000364-421080,No,Female,82.0,Asian,,
ct_series_file,f510c1e4-f48d-4259-a8cf-6e77e6711179,Open-A1,2.16.840.1.114274.1818.5389498290326672838974927913942704309,CT,DCM,DICOM,10000364-2052489/2.16.840.1.114274.1818.537642422729176507313718903257755393448/2.16.840.1.114274.1818.5389498290326672838974927913942704309.zip,54978928,3b6f5e48a67d8aa2980176c355e80650,,10000364-2052489,,,,,,,,,GE MEDICAL SYSTEMS,Discovery CT750 HD,CT,266.0,dg.MD1R/71d98cb0-fe56-425d-936d-0148ffda0144,,,CHEST STD THIN,2.16.840.1.114274.1818.5389498290326672838974927913942704309,,,4a5dd86d-7965-48bb-9c2b-c6d36089c780,ACR_20220314,6303cd74-c533-4c91-a0ea-c1054181dc0c,2.16.840.1.114274.1818.537642422729176507313718903257755393448,10000364-2052489,10000364-2052489,No,Male,65.0,White,,
ct_series_file,788a60cd-a554-4a57-afa2-80287ca310c1,Open-A1,2.16.840.1.114274.1818.4970366788855081854544153318217437340,CT,DCM,DICOM,10003752-FEv7KG6p0aqN0GogGNWXg/2.16.840.1.114274.1818.517125971417146570218391477596878761389/2.16.840.1.114274.1818.4970366788855081854544153318217437340.zip,21466204,412ee4c9ddb67c985a6b8ece577a87e8,,10003752-FEv7KG6p0aqN0GogGNWXg,,,,,,,,,GE MEDICAL SYSTEMS,Revolution CT,CT,89.0,dg.MD1R/337bd75a-8235-4108-bda3-54844458b70a,,,LUNG,2.16.840.1.114274.1818.4970366788855081854544153318217437340,,,06406925-1d98-4e8f-a0ce-c52b678bcb2a,ACR_20220107,3ad3a8a2-9853-4cc5-b99f-cd344fa0be07,2.16.840.1.114274.1818.517125971417146570218391477596878761389,10003752-FEv7KG6p0aqN0GogGNWXg,10003752-FEv7KG6p0aqN0GogGNWXg,No,Male,42.0,Asian,,
ct_series_file,ca2527f9-8207-43e6-bad8-7feaf5386cda,Open-A1,2.16.840.1.114274.1818.468623107269369611015558484980421111981,CT,DCM,DICOM,10000364-1447146/2.16.840.1.114274.1818.520637406877213688417220090331249725351/2.16.840.1.114274.1818.468623107269369611015558484980421111981.zip,49414094,2952ce9c14828b65b81db12860bafaa2,,10000364-1447146,OMNIPAQUE 300,,,,,,,,GE MEDICAL SYSTEMS,LightSpeed VCT,CT,347.0,dg.MD1R/95531d88-fe89-4d96-84de-24c1eb167a36,,,SAGITTAL CHEST,2.16.840.1.114274.1818.468623107269369611015558484980421111981,,,b2f0484a-2536-49b7-8739-c1056a9ce85c,ACR_20220218,8b8df0b6-b7be-4680-944c-a6c08e9c45d6,2.16.840.1.114274.1818.520637406877213688417220090331249725351,10000364-1447146,10000364-1447146,No,Female,60.0,Black or African American,,
ct_series_file,cbcf4e79-7754-4ebd-bdbd-6d7344d51141,Open-A1,2.16.840.1.114274.1818.498313219289560324112035779643599446422,CT,DCM,DICOM,10000364-517114/2.16.840.1.114274.1818.48102261695673786341178278141118087817/2.16.840.1.114274.1818.498313219289560324112035779643599446422.zip,66168880,850c2dacff740ab4acbe702a9c7acbc9,,10000364-517114,,,,,,,,,GE MEDICAL SYSTEMS,Revolution CT,CT,251.0,dg.MD1R/7cf9fcef-d08f-4bae-902a-27327a32a216,,,LUNG,2.16.840.1.114274.1818.498313219289560324112035779643599446422,,,4a5dd86d-7965-48bb-9c2b-c6d36089c780,ACR_20220314,2cb1acd4-1803-44ba-b6b5-5ff61238bf35,2.16.840.1.114274.1818.48102261695673786341178278141118087817,10000364-517114,10000364-517114,No,Male,61.0,Black or African American,,
ct_series_file,f6715d9a-66a9-41d2-a22d-aa9cae873ed8,Open-A1,2.16.840.1.114274.1818.49106619182687949807847327743472833213,CT,DCM,DICOM,10000364-6547188/2.16.840.1.114274.1818.52211566750213327996679465929546098825/2.16.840.1.114274.1818.49106619182687949807847327743472833213.zip,38489566,9eceeb00b64009c773a9b185e7964163,,10000364-6547188,,,,,,,,,GE MEDICAL SYSTEMS,LightSpeed VCT,CT,219.0,dg.MD1R/5adaaf74-5436-48e4-a4c4-521da017d83d,,,chest sag,2.16.840.1.114274.1818.49106619182687949807847327743472833213,,,4a5dd86d-7965-48bb-9c2b-c6d36089c780,ACR_20220314,c8f05c09-c581-4a47-ae09-ef79a11497f2,2.16.840.1.114274.1818.52211566750213327996679465929546098825,10000364-6547188,10000364-6547188,No,Male,75.0,White,,
ct_series_file,00cc53a4-1bff-4070-8128-c0575e1252a0,Open-A1,2.16.840.1.114274.1818.519766605332068136612760631455044037785,CT,DCM,DICOM,10008204-oR2NwVQtNEeWne0xRsLqg/2.16.840.1.114274.1818.46211327888843368178406095239310767250/2.16.840.1.114274.1818.519766605332068136612760631455044037785.zip,29580702,6f8e1a54c00f4bd7e725039e05ee699d,,10008204-oR2NwVQtNEeWne0xRsLqg,,LUNG,,,,,ORIGINALPRIMARYAXIAL,,GE MEDICAL SYSTEMS,Optima CT660,CT,121.0,dg.MD1R/46e06956-7800-416d-b1a8-58672672cdf7,,,2.5_LUNG_PACS,2.16.840.1.114274.1818.519766605332068136612760631455044037785,2.5,2.5,59f32345-e328-4e77-8813-6fdff0a106e3,ACR_20220415,96244be8-510b-4516-b74c-ecc9963ecff4,2.16.840.1.114274.1818.46211327888843368178406095239310767250,10008204-oR2NwVQtNEeWne0xRsLqg,10008204-oR2NwVQtNEeWne0xRsLqg,No,Female,86.0,White,,
ct_series_file,d82eda90-852d-454e-9534-712ec8711875,Open-A1,2.16.840.1.114274.1818.55165123338854393866220223780387352988,CT,DCM,DICOM,10000364-1338981/2.16.840.1.114274.1818.49050591623234397264787178502074433687/2.16.840.1.114274.1818.55165123338854393866220223780387352988.zip,22680266,35ae47c2d20e6838e3eaf8bd1164f855,,10000364-1338981,,,,,,,,,GE MEDICAL SYSTEMS,LightSpeed VCT,CT,120.0,dg.MD1R/c37a4f03-23f0-4c7c-a82f-eda7a974c53f,,,COR CHEST 3MM,2.16.840.1.114274.1818.55165123338854393866220223780387352988,,,4a5dd86d-7965-48bb-9c2b-c6d36089c780,ACR_20220314,03d55e90-33a7-4442-920c-62c5e1e53e53,2.16.840.1.114274.1818.49050591623234397264787178502074433687,10000364-1338981,10000364-1338981,No,Male,61.0,White,,
ct_series_file,177f3478-a098-431c-b964-1ec7ab30b0c7,Open-A1,2.16.840.1.114274.1818.51564280450260192942801673603685299903,CT,DCM,DICOM,10000364-1583911/2.16.840.1.114274.1818.571553689550129791111635467008434070679/2.16.840.1.114274.1818.51564280450260192942801673603685299903.zip,25974432,ef108edea7f1d517d4cbed49951ab1a1,,10000364-1583911,,,,,,,,,SIEMENS,SOMATOM Definition AS,CT,81.0,dg.MD1R/ee4bc2ad-25b2-49f3-994c-ba1ba3f3cb0d,,,Sag Lung  MIP,2.16.840.1.114274.1818.51564280450260192942801673603685299903,,,b2f0484a-2536-49b7-8739-c1056a9ce85c,ACR_20220218,9a38e5db-4326-4a38-9d06-6056272a7752,2.16.840.1.114274.1818.571553689550129791111635467008434070679,10000364-1583911,10000364-1583911,No,Female,72.0,White,,
ct_series_file,df43c605-da8e-4cb0-8e03-deb46801ca96,Open-A1,2.16.840.1.114274.1818.47155821546921919603858912639497203092,CT,DCM,DICOM,10008204-Tgkcl4cLREY3RMtSSpZQ/2.16.840.1.114274.1818.506050556316290196814096907513845549214/2.16.840.1.114274.1818.47155821546921919603858912639497203092.zip,21634696,bbfb25935870415d2f7e84db7b44f0c1,,10008204-Tgkcl4cLREY3RMtSSpZQ,,,,,,,,,GE MEDICAL SYSTEMS,Optima CT660,CT,121.0,dg.MD1R/1ec06fcd-8335-4880-b096-48ca7e2a77f3,,,CHEST SAG,2.16.840.1.114274.1818.47155821546921919603858912639497203092,,,4a5dd86d-7965-48bb-9c2b-c6d36089c780,ACR_20220314,2f1b8253-b91a-461b-b2c3-1d899f4e9a53,2.16.840.1.114274.1818.506050556316290196814096907513845549214,10008204-Tgkcl4cLREY3RMtSSpZQ,10008204-Tgkcl4cLREY3RMtSSpZQ,No,Female,72.0,White,,
ct_series_file,05fcf1f8-42bf-401b-a34c-25221122fa7f,Open-A1,2.16.840.1.114274.1818.562465621439330611211107360416008661937,CT,DCM,DICOM,10000364-6103842/2.16.840.1.114274.1818.53376423917414502871085506587710738105/2.16.840.1.114274.1818.562465621439330611211107360416008661937.zip,38317812,c5702e8612601a5e43f3df9b97131e1f,,10000364-6103842,OMNI 350,,,,,,,,SIEMENS,SOMATOM Drive,CT,164.0,dg.MD1R/21c8a391-f074-44ae-ac08-d4b5c9215acf,,,AX CHEST PE STD THIN +C  F_0.6,2.16.840.1.114274.1818.562465621439330611211107360416008661937,,,4a5dd86d-7965-48bb-9c2b-c6d36089c780,ACR_20220314,a8667288-bc82-42ec-9d0e-5fc2df66ba5d,2.16.840.1.114274.1818.53376423917414502871085506587710738105,10000364-6103842,10000364-6103842,No,Female,64.0,Black or African American,,
ct_series_file,23f3ef91-e822-43cb-83b4-1ee9daefdbe7,Open-A1,2.16.840.1.114274.1818.49174288140327325674281486764016959657,CT,DCM,DICOM,10000364-1508269/2.16.840.1.114274.1818.5134802906449429945236495816584704432/2.16.840.1.114274.1818.49174288140327325674281486764016959657.zip,23235438,da5c2f6b344dbd180b4d6dbe39762772,,10000364-1508269,,,,,,,,,GE MEDICAL SYSTEMS,LightSpeed VCT,CT,115.0,dg.MD1R/afeaca4e-184c-4665-bfd2-c5d3e31dfbf5,,,HELICAL CHEST ABD/PELVIS,2.16.840.1.114274.1818.49174288140327325674281486764016959657,,,4a5dd86d-7965-48bb-9c2b-c6d36089c780,ACR_20220314,99002445-e6b4-4af0-938f-6fa685a82e81,2.16.840.1.114274.1818.5134802906449429945236495816584704432,10000364-1508269,10000364-1508269,No,Female,63.0,White,,
ct_series_file,f9ce218a-aefe-430f-b8a6-db3f1f086e22,Open-A1,2.16.840.1.114274.1818.5457568478254576721981423065677284282,CT,DCM,DICOM,10003752-SwYygM5C0aZu7wCMy5qA/2.16.840.1.114274.1818.50115145515115534493185123673033309853/2.16.840.1.114274.1818.5457568478254576721981423065677284282.zip,125248712,40d3da5e5663f32bbf5abfd725eb5f72,,10003752-SwYygM5C0aZu7wCMy5qA,,,,,,,,,GE MEDICAL SYSTEMS,Revolution CT,CT,567.0,dg.MD1R/cc6b3462-a2b8-4061-b13a-053f6ed7a7dc,,,ART CHEST SOURCE,2.16.840.1.114274.1818.5457568478254576721981423065677284282,,,9de1d49d-ad56-44b3-be2e-a2795ce41ff3,ACR_20210915,ab2db0f7-53a4-419b-b55c-1d8c66bdd33d,2.16.840.1.114274.1818.50115145515115534493185123673033309853,10003752-SwYygM5C0aZu7wCMy5qA,10003752-SwYygM5C0aZu7wCMy5qA,No,Male,53.0,Black or African American,,
ct_series_file,6ef2402a-0ac3-4243-9e39-885c1d13e4ad,Open-A1,2.16.840.1.114274.1818.54262804885524917255454810966723202488,CT,DCM,DICOM,10000364-735630/2.16.840.1.114274.1818.466550238111993001715991812743969121170/2.16.840.1.114274.1818.54262804885524917255454810966723202488.zip,52006574,9c22263f8ac7ff5d6b6e6bf3220ca23c,,10000364-735630,,,,,,,,,GE MEDICAL SYSTEMS,LightSpeed VCT,CT,247.0,dg.MD1R/afd2f882-22f5-4532-9951-0b311caf5afc,,,PE scan lung apices-bases,2.16.840.1.114274.1818.54262804885524917255454810966723202488,,,4a5dd86d-7965-48bb-9c2b-c6d36089c780,ACR_20220314,5829faff-1913-4a90-aeae-e4f4679f45bc,2.16.840.1.114274.1818.466550238111993001715991812743969121170,10000364-735630,10000364-735630,No,Female,88.0,White,,
ct_series_file,6216ddb0-42bd-41b6-99ae-4e715f2f0335,Open-A1,2.16.840.1.114274.1818.564443157406581884012894860217261141651,CT,DCM,DICOM,10003752-fPQgwkVYUOWvCaEsCqqSA/2.16.840.1.114274.1818.573484125835434806814950153446104053135/2.16.840.1.114274.1818.564443157406581884012894860217261141651.zip,112638482,9796ce45dfb241f18ce07c5b74767d17,,10003752-fPQgwkVYUOWvCaEsCqqSA,,,,,,,,,GE MEDICAL SYSTEMS,Revolution HD,CT,544.0,dg.MD1R/d4608156-e83e-4a33-8ce0-61ae44e74780,,,CHEST SOURCE,2.16.840.1.114274.1818.564443157406581884012894860217261141651,,,06406925-1d98-4e8f-a0ce-c52b678bcb2a,ACR_20220107,0a6807d7-0672-4c0a-9192-127303603b6d,2.16.840.1.114274.1818.573484125835434806814950153446104053135,10003752-fPQgwkVYUOWvCaEsCqqSA,10003752-fPQgwkVYUOWvCaEsCqqSA,No,Female,33.0,White,,
ct_series_file,7a9efe88-a574-4c5d-be66-b3b0d05cc585,Open-A1,2.16.840.1.114274.1818.463715898056228673811715688315657805187,CT,DCM,DICOM,10000364-1555573/2.16.840.1.114274.1818.4664581464468368275656181472072616373/2.16.840.1.114274.1818.463715898056228673811715688315657805187.zip,35241758,3dc05e93690e7cb5109381e178943087,,10000364-1555573,,,,,,,,,GE MEDICAL SYSTEMS,LightSpeed VCT,CT,181.0,dg.MD1R/ff11bf13-0535-40ec-8eae-2b22869469b9,,,chest sag,2.16.840.1.114274.1818.463715898056228673811715688315657805187,,,4a5dd86d-7965-48bb-9c2b-c6d36089c780,ACR_20220314,1fa606a0-c252-4311-9c20-d32ea899ce93,2.16.840.1.114274.1818.4664581464468368275656181472072616373,10000364-1555573,10000364-1555573,No,Male,70.0,Black or African American,,
ct_series_file,0a9c02ef-0b95-4deb-a7d3-3c2ff5b26933,Open-A1,2.16.840.1.114274.1818.527361663787021343313278964997420599212,CT,DCM,DICOM,10003752-pMRqaPWEqgSHHZwWklgg/2.16.840.1.114274.1818.492741938901720421510043461438606182022/2.16.840.1.114274.1818.527361663787021343313278964997420599212.zip,27461114,779fa77d3d8b7c8b3713fc19beb22285,,10003752-pMRqaPWEqgSHHZwWklgg,Iodine,,,,,,,,Philips,iCT 256,CT,106.0,dg.MD1R/d5e4e623-e8af-4707-8abc-f1fb1f0fefc9,,,"LUNGS, iDose (2)",2.16.840.1.114274.1818.527361663787021343313278964997420599212,,,06406925-1d98-4e8f-a0ce-c52b678bcb2a,ACR_20220107,508a1939-7b69-4b2e-9663-a9afc1b4431b,2.16.840.1.114274.1818.492741938901720421510043461438606182022,10003752-pMRqaPWEqgSHHZwWklgg,10003752-pMRqaPWEqgSHHZwWklgg,No,Male,41.0,Asian,,
ct_series_file,7a94ce14-7561-4a39-a74c-3e6104adf557,Open-A1,2.16.840.1.114274.1818.50792066547733633704905853509628306364,CT,DCM,DICOM,10000364-6605548/2.16.840.1.114274.1818.50907107819901251634124459661928449704/2.16.840.1.114274.1818.50792066547733633704905853509628306364.zip,913052,451c0aa17c837d4a5e5438a4b6787d62,,10000364-6605548,,,,,,,,,Siemens Healthineers,SOMATOM go.Top,CT,3.0,dg.MD1R/86544c59-43e1-4b8e-8cd2-9c56986aa9f3,,,Lung CAD [10] Candidates,2.16.840.1.114274.1818.50792066547733633704905853509628306364,,,4a5dd86d-7965-48bb-9c2b-c6d36089c780,ACR_20220314,4a82b9ca-113a-4929-8f60-3281cb65f9ba,2.16.840.1.114274.1818.50907107819901251634124459661928449704,10000364-6605548,10000364-6605548,No,Female,42.0,White,,
ct_series_file,66f91652-155c-405f-afda-6da60cfe290b,Open-A1,2.16.840.1.114274.1818.55544712555049133773644084979699569599,CT,DCM,DICOM,10008204-zgd0InglUm5So0fed5nQ/2.16.840.1.114274.1818.533755363510596271217621351134261967244/2.16.840.1.114274.1818.55544712555049133773644084979699569599.zip,33447264,e2a8ba7804dc5879a3b568026a04be2f,,10008204-zgd0InglUm5So0fed5nQ,,,,,,,,,GE MEDICAL SYSTEMS,Optima CT660,CT,134.0,dg.MD1R/e47d46f5-f07f-41d7-9228-6f3eb3cecbd4,,,2.5_LUNG_PACS,2.16.840.1.114274.1818.55544712555049133773644084979699569599,,,b2f0484a-2536-49b7-8739-c1056a9ce85c,ACR_20220218,34c4088f-fb34-4bdb-8acd-788b667996af,2.16.840.1.114274.1818.533755363510596271217621351134261967244,10008204-zgd0InglUm5So0fed5nQ,10008204-zgd0InglUm5So0fed5nQ,No,Male,,White,False,False
ct_series_file,4bab7698-1499-4844-9f96-1d5dcf43bb75,Open-A1,2.16.840.1.114274.1818.556313863817583757011044407870641176234,CT,DCM,DICOM,10000364-1228781/2.16.840.1.114274.1818.5357167097914678980407100418122787971/2.16.840.1.114274.1818.556313863817583757011044407870641176234.zip,69055444,ce0fb8cdb86ea2dafcb9fb4136d74f25,,10000364-1228781,APPLIED,,,,,,,,SIEMENS,SOMATOM Definition AS,CT,205.0,dg.MD1R/bd8ab28a-6b54-4866-bd61-bc47c88753ff,,,AXIAL LUNG  MIP  20.0,2.16.840.1.114274.1818.556313863817583757011044407870641176234,,,b2f0484a-2536-49b7-8739-c1056a9ce85c,ACR_20220218,7da910be-34c7-4d40-9941-a96ea191e3ff,2.16.840.1.114274.1818.5357167097914678980407100418122787971,10000364-1228781,10000364-1228781,No,Female,76.0,White,,
ct_series_file,99340519-09ac-493f-8281-d09ef7c52401,Open-A1,2.16.840.1.114274.1818.49697727205759638984404193775706467210,CT,DCM,DICOM,10000364-1616130/2.16.840.1.114274.1818.56020834203880086534120928504818809772/2.16.840.1.114274.1818.49697727205759638984404193775706467210.zip,24272342,38360aeabb59abcc6159617dbcd5c2b1,,10000364-1616130,,,,,,,,,GE MEDICAL SYSTEMS,LightSpeed VCT,CT,148.0,dg.MD1R/ff2eb7c0-46ff-48dd-b20c-05e0e6cee0cc,,,chest coronal,2.16.840.1.114274.1818.49697727205759638984404193775706467210,,,4a5dd86d-7965-48bb-9c2b-c6d36089c780,ACR_20220314,7be72251-a98b-443b-bfc5-b177e155f494,2.16.840.1.114274.1818.56020834203880086534120928504818809772,10000364-1616130,10000364-1616130,No,Female,54.0,Black or African American,,
ct_series_file,0d226c9d-425c-4d59-8b6c-b37a15ef659e,Open-A1,2.16.840.1.114274.1818.475162575466368006812945152573686259586,CT,DCM,DICOM,10003752-pIkuatoFvUy9itaZI7j6UQ/2.16.840.1.114274.1818.546483307728822633014066518375638404768/2.16.840.1.114274.1818.475162575466368006812945152573686259586.zip,20936996,ce9bcf3ffed4f6852ec94be4f63b6a84,,10003752-pIkuatoFvUy9itaZI7j6UQ,,,,,,,,,GE MEDICAL SYSTEMS,Revolution CT,CT,111.0,dg.MD1R/798c3114-4567-4f18-8d04-8a467eec9750,,,CHEST COR WO,2.16.840.1.114274.1818.475162575466368006812945152573686259586,,,06406925-1d98-4e8f-a0ce-c52b678bcb2a,ACR_20220107,16c510bb-b070-484b-82b1-3b89e2461ebe,2.16.840.1.114274.1818.546483307728822633014066518375638404768,10003752-pIkuatoFvUy9itaZI7j6UQ,10003752-pIkuatoFvUy9itaZI7j6UQ,No,Female,48.0,Not Reported,,
ct_series_file,f95dfb5c-6ce1-4168-a599-7cbcf077389c,Open-A1,2.16.840.1.114274.1818.550255085313357600516058114192784873373,CT,DCM,DICOM,10000364-6156506/2.16.840.1.114274.1818.47349353621265156235513739826105999013/2.16.840.1.114274.1818.550255085313357600516058114192784873373.zip,52655194,3f2ecc1b91c3bf0be609cf6d65c3ae6b,,10000364-6156506,,Br40f_3,ELLIP_ZEC,,,False,ORIGINAL_PRIMARY_AXIAL_CT_SOM5 MIP,0.0,Siemens Healthineers,SOMATOM go.Top,CT,,dg.MD1R/de7ba12c-068d-480b-9611-d7d0d4f51f46,FFS,0.56683526,CHEST WO 1.50 Br40 S3 ax,2.16.840.1.114274.1818.550255085313357600516058114192784873373,1.5,,f704bef2-2e0f-450c-bbd0-8beaf82f4757,ACR_20241215,1f282a65-ff94-48a8-9ae7-3e9c563db75e,2.16.840.1.114274.1818.47349353621265156235513739826105999013,10000364-6156506,10000364-6156506,No,Male,63.0,Not Reported,True,True
ct_series_file,d1d34caa-0619-4ef8-bc11-dd1ff2fbabd6,Open-A1,2.16.840.1.114274.1818.56113656919238861274045610777748949385,CT,DCM,DICOM,10003752-fYSa35Rj0WhZSf9Jt1aQA/2.16.840.1.114274.1818.5253383013306340054911523940095221151/2.16.840.1.114274.1818.56113656919238861274045610777748949385.zip,19096398,7995996bea7877391ebdc3a5e7656f51,,10003752-fYSa35Rj0WhZSf9Jt1aQA,,,,,,,,,GE MEDICAL SYSTEMS,Revolution CT,CT,101.0,dg.MD1R/570c106d-65c6-40be-a9f4-9aea82ae1bea,,,CHEST COR,2.16.840.1.114274.1818.56113656919238861274045610777748949385,,,9de1d49d-ad56-44b3-be2e-a2795ce41ff3,ACR_20210915,8a194889-afa3-4ef2-ba9a-b2175fcdb16f,2.16.840.1.114274.1818.5253383013306340054911523940095221151,10003752-fYSa35Rj0WhZSf9Jt1aQA,10003752-fYSa35Rj0WhZSf9Jt1aQA,No,Female,78.0,Black or African American,,
ct_series_file,4bcaf9f0-6dc4-4704-aa7e-642bde430a02,Open-A1,2.16.840.1.114274.1818.52329143806902821303031510076362757559,CT,DCM,DICOM,10008204-OLK68JKe6Uun0x5UxKs6iQ/2.16.840.1.114274.1818.4917450701462777662643342004906099129/2.16.840.1.114274.1818.52329143806902821303031510076362757559.zip,32317838,daac8401ccc5a886625fe91da67071c5,,10008204-OLK68JKe6Uun0x5UxKs6iQ,,,,,,,,,GE MEDICAL SYSTEMS,Optima CT660,CT,128.0,dg.MD1R/e6103199-8285-4f3f-908a-31b5a0d745fb,,,2.5_LUNG_PACS,2.16.840.1.114274.1818.52329143806902821303031510076362757559,,,b2f0484a-2536-49b7-8739-c1056a9ce85c,ACR_20220218,682b4275-fd67-4b75-9717-21f22a4a9bf2,2.16.840.1.114274.1818.4917450701462777662643342004906099129,10008204-OLK68JKe6Uun0x5UxKs6iQ,10008204-OLK68JKe6Uun0x5UxKs6iQ,No,Male,77.0,White,False,False
ct_series_file,e2a744bf-49ab-4b89-aa7e-fc376640c968,Open-A1,2.16.840.1.114274.1818.50211431032996870829218162305085420175,CT,DCM,DICOM,10000364-1438936/2.16.840.1.114274.1818.523070831237814857912747532047115253426/2.16.840.1.114274.1818.50211431032996870829218162305085420175.zip,63590670,e58d7641cc75a54ca397bd76d5f6c92f,,10000364-1438936,,,,,,,,,GE MEDICAL SYSTEMS,LightSpeed VCT,CT,288.0,dg.MD1R/f4bf790b-d9bd-4ae4-b0b2-7d96ea80628d,,,ROUTINE CHEST,2.16.840.1.114274.1818.50211431032996870829218162305085420175,,,4a5dd86d-7965-48bb-9c2b-c6d36089c780,ACR_20220314,42e0e9d6-2210-49c1-8f9c-79c22287024a,2.16.840.1.114274.1818.523070831237814857912747532047115253426,10000364-1438936,10000364-1438936,No,Male,75.0,White,,
ct_series_file,7fbc5e4e-bf06-498b-9d2f-19ee7bf20aab,Open-A1,2.16.840.1.114274.1818.52363032006725597069732659840201144201,CT,DCM,DICOM,10000364-452803/2.16.840.1.114274.1818.487922787123970152615701374366156426677/2.16.840.1.114274.1818.52363032006725597069732659840201144201.zip,34561876,e490282c72f304cc51b017cd4d533bb0,,10000364-452803,,STANDARD,,,,False,DERIVED_SECONDARY_REFORMATTED_AVERAGE,,GE MEDICAL SYSTEMS,LightSpeed VCT,CT,,dg.MD1R/636c0820-ffec-4677-ae0e-8b9edb198c2d,FFS,0.703125,chest sag,2.16.840.1.114274.1818.52363032006725597069732659840201144201,"1.25,2.0",,f704bef2-2e0f-450c-bbd0-8beaf82f4757,ACR_20241215,ef9aed5a-c4ea-4556-8f11-bdf01505cdf0,2.16.840.1.114274.1818.487922787123970152615701374366156426677,10000364-452803,10000364-452803,No,Female,68.0,White,False,False
ct_series_file,1eee6721-d8b5-4d9d-bfef-62136697c747,Open-A1,2.16.840.1.114274.1818.47748038998462216652816533189207245215,CT,DCM,DICOM,10003752-49j3hmNddk2GqQdPH8QZOQ/2.16.840.1.114274.1818.563520949093397165912874895090127065748/2.16.840.1.114274.1818.47748038998462216652816533189207245215.zip,12608132,cff39ce634c743518a81a46e6aedd0e3,,10003752-49j3hmNddk2GqQdPH8QZOQ,,,,,,,,,GE MEDICAL SYSTEMS,Revolution HD,CT,61.0,dg.MD1R/cbb23522-c207-44fc-9595-f164de7096b9,,,Chest Axial Mip,2.16.840.1.114274.1818.47748038998462216652816533189207245215,,,06406925-1d98-4e8f-a0ce-c52b678bcb2a,ACR_20220107,af97e26a-b81b-4ef3-8a0f-25e2a8acc54d,2.16.840.1.114274.1818.563520949093397165912874895090127065748,10003752-49j3hmNddk2GqQdPH8QZOQ,10003752-49j3hmNddk2GqQdPH8QZOQ,No,Female,55.0,White,,
ct_series_file,4da594d0-f788-404c-80b0-c74e95058d7d,Open-A1,2.16.840.1.114274.1818.565215946475406410410129434469887229359,CT,DCM,DICOM,10000364-1018948/2.16.840.1.114274.1818.474131990672284644711555352814819724956/2.16.840.1.114274.1818.565215946475406410410129434469887229359.zip,36439528,d740ea6810df3071f996b5156cc406b6,,10000364-1018948,Omnipaque,,,,,,,,SIEMENS,SOMATOM Definition AS+,CT,96.0,dg.MD1R/cb50c9b5-bdc2-42a0-b72f-7fe2845482cf,,,Lung  Axials 20.0  MM MIP,2.16.840.1.114274.1818.565215946475406410410129434469887229359,,,b2f0484a-2536-49b7-8739-c1056a9ce85c,ACR_20220218,b23d5d4a-9905-49a4-9aff-6970903e0a35,2.16.840.1.114274.1818.474131990672284644711555352814819724956,10000364-1018948,10000364-1018948,No,Female,64.0,White,,
ct_series_file,1689058f-cf2f-437a-8a24-2f1a89f9d93f,Open-A1,2.16.840.1.114274.1818.53680650339377821117142523747117277349,CT,DCM,DICOM,10008204-uHpa84LnN0O20xDbKfb3iA/2.16.840.1.114274.1818.541156874197379563114703517784899834268/2.16.840.1.114274.1818.53680650339377821117142523747117277349.zip,23242856,c01763c02d6cb9f29c579979aff8bc1b,,10008204-uHpa84LnN0O20xDbKfb3iA,,STANDARD,,,,,DERIVEDSECONDARYREFORMATTEDAVERAGE,,GE MEDICAL SYSTEMS,Optima CT660,CT,144.0,dg.MD1R/82a60c8d-bf5a-43fd-b8d1-14d7c900d718,,,CHEST COR X2,2.16.840.1.114274.1818.53680650339377821117142523747117277349,"2.0,1.25",,59f32345-e328-4e77-8813-6fdff0a106e3,ACR_20220415,0570dc10-8461-4baf-9aba-9bb6e26cde57,2.16.840.1.114274.1818.541156874197379563114703517784899834268,10008204-uHpa84LnN0O20xDbKfb3iA,10008204-uHpa84LnN0O20xDbKfb3iA,No,Female,68.0,White,,
ct_series_file,98fe0704-f761-45ee-b39e-19553501b45e,Open-A1,2.16.840.1.114274.1818.533242546574255615916313387719380127920,CT,DCM,DICOM,2.16.840.1.114274.1818.537723550679222283412308668733455476896/2.16.840.1.114274.1818.533242546574255615916313387719380127920.zip,34235860,8655b49a7d7bb9c84d01fa59fbba84ae,,10008204-J65fJAyE30yY9Wx7IOZzRw,,,,,,,,,GE MEDICAL SYSTEMS,Optima CT660,CT,137.0,dg.MD1R/f1a33373-30d3-49ec-bdb0-b3ddeef3db82,,,2.5_LUNG_PACS,2.16.840.1.114274.1818.533242546574255615916313387719380127920,,,da2db6a3-93f5-4066-90b2-f8dd8afadd2c,ACR_20211115,bbbaccbc-bb5c-497c-a570-30265672260e,2.16.840.1.114274.1818.537723550679222283412308668733455476896,10008204-J65fJAyE30yY9Wx7IOZzRw,10008204-J65fJAyE30yY9Wx7IOZzRw,No,Female,70.0,White,,
ct_series_file,08047e05-cb8a-4e0c-bd42-b4115b0230e7,Open-A1,2.16.840.1.114274.1818.51864570301896385904507794368987227805,CT,DCM,DICOM,10000364-5500349/2.16.840.1.114274.1818.50946842604516380028386500871699059342/2.16.840.1.114274.1818.51864570301896385904507794368987227805.zip,36301068,11eb0ac9983aa68ad4ad46516d596828,,10000364-5500349,,,,,,,,,GE MEDICAL SYSTEMS,Discovery CT590 RT,CT,143.0,dg.MD1R/d7282a80-a3a7-4c01-abad-1fdef032b25c,,,Chest Coronal,2.16.840.1.114274.1818.51864570301896385904507794368987227805,,,4a5dd86d-7965-48bb-9c2b-c6d36089c780,ACR_20220314,7f01317d-8a29-46f5-bc89-f133cf0a20e8,2.16.840.1.114274.1818.50946842604516380028386500871699059342,10000364-5500349,10000364-5500349,No,Male,70.0,White,,
ct_series_file,7d15eccb-5794-4c3b-8dd7-13335968b6f3,Open-A1,2.16.840.1.114274.1818.48233802502417983825829370251871674756,CT,DCM,DICOM,10008204-nEkSZOoc8EeJNaT3E2dIQ/2.16.840.1.114274.1818.466152660587065147213228642017034559879/2.16.840.1.114274.1818.48233802502417983825829370251871674756.zip,33423394,9d8501af4dc27345ce8a5330db848cc9,,10008204-nEkSZOoc8EeJNaT3E2dIQ,,LUNG,,,,,ORIGINALPRIMARYAXIAL,,GE MEDICAL SYSTEMS,Optima CT660,CT,129.0,dg.MD1R/10be4f82-b4a4-41d4-bfad-5172004f6807,,,2.5_LUNG_PACS,2.16.840.1.114274.1818.48233802502417983825829370251871674756,2.5,2.5,59f32345-e328-4e77-8813-6fdff0a106e3,ACR_20220415,d7c6cd27-d034-43da-881d-0b349061141a,2.16.840.1.114274.1818.466152660587065147213228642017034559879,10008204-nEkSZOoc8EeJNaT3E2dIQ,10008204-nEkSZOoc8EeJNaT3E2dIQ,No,Female,86.0,White,,
ct_series_file,02835c51-7e4c-40b5-bfcf-36e0044d1d5b,Open-A1,2.16.840.1.114274.1818.527321678100596928111084342416892691901,CT,DCM,DICOM,10000364-202229/2.16.840.1.114274.1818.534519040894449728216164348161349655718/2.16.840.1.114274.1818.527321678100596928111084342416892691901.zip,48436930,fa2aef7f8c48730a696b49b9ff1bb3bb,,10000364-202229,,STANDARD,,,,False,"DERIVED_SECONDARY_REFORMATTED_MIN IP,DERIVED_SECONDARY_REFORMATTED_AVERAGE",,GE MEDICAL SYSTEMS,LightSpeed VCT,CT,,dg.MD1R/63cae129-3d43-47da-b917-3cf28204f5ad,FFS,0.757812,CORONAL CHEST,2.16.840.1.114274.1818.527321678100596928111084342416892691901,1.25,,f704bef2-2e0f-450c-bbd0-8beaf82f4757,ACR_20241215,c30cbf63-aa29-4b40-9b97-530f069120a7,2.16.840.1.114274.1818.534519040894449728216164348161349655718,10000364-202229,10000364-202229,No,Female,51.0,White,False,False
ct_series_file,579af467-9301-4b85-b09a-5293003124a2,Open-A1,2.16.840.1.114274.1818.56686300780419297697959344959627012752,CT,DCM,DICOM,10003752-S8fdIZI0EEWzckQG5dJnkg/2.16.840.1.114274.1818.57129886857244440915579358496994634377/2.16.840.1.114274.1818.56686300780419297697959344959627012752.zip,24036160,1a069589a45988280de7093ab2608724,,10003752-S8fdIZI0EEWzckQG5dJnkg,,,,,,,,,GE MEDICAL SYSTEMS,Revolution CT,CT,122.0,dg.MD1R/3b3fc487-e870-4d04-9bf8-bb02704050aa,,,ART CHEST RECON,2.16.840.1.114274.1818.56686300780419297697959344959627012752,,,06406925-1d98-4e8f-a0ce-c52b678bcb2a,ACR_20220107,b425152a-e31e-49c6-849a-c19c358fde88,2.16.840.1.114274.1818.57129886857244440915579358496994634377,10003752-S8fdIZI0EEWzckQG5dJnkg,10003752-S8fdIZI0EEWzckQG5dJnkg,No,Female,22.0,Black or African American,,
